pano_id,lat,lng,date,address,elevation,link,heading,country_code,source,copyright_message,street_names
L9pTm3fkd2mcptmy3D9j2g,28.58897589960362,77.19508209037531,2022-04,"Madhu Limaye Marg, New Delhi, Delhi",245.4812927246094,"<bound method StreetViewPanorama.permalink of L9pTm3fkd2mcptmy3D9j2g (28.58898, 77.19508) [2022-04]>",2.7126900274003134,IN,launch,© 2025 Google,"Madhu Limaye Marg, Vinay Marg"
0fJ42Kof1kA_O8-mvLsW2g,28.58882417969837,77.19491837369578,2022-04,"Vinay Marg, New Delhi, Delhi",246.0628814697266,"<bound method StreetViewPanorama.permalink of 0fJ42Kof1kA_O8-mvLsW2g (28.58882, 77.19492) [2022-04]>",3.5567858591197625,IN,launch,© 2025 Google,Vinay Marg
_8bd2WtsEsVPMEkN9rio0g,28.58872490767383,77.19486581936539,2022-04,"Vinay Marg, New Delhi, Delhi",246.2924957275391,"<bound method StreetViewPanorama.permalink of _8bd2WtsEsVPMEkN9rio0g (28.58872, 77.19487) [2022-04]>",3.555705148349409,IN,launch,© 2025 Google,Vinay Marg
PiKtVCyErQsUfyCWeC1iIQ,28.58863933719097,77.19482019622163,2022-04,"213 Vinay Marg, New Delhi, Delhi",246.5547180175781,"<bound method StreetViewPanorama.permalink of PiKtVCyErQsUfyCWeC1iIQ (28.58864, 77.19482) [2022-04]>",3.557453513605046,IN,launch,© 2025 Google,Vinay Marg
id_F4Kvrbkwg-uzLivnvEQ,28.58854283294228,77.1947691333745,2022-04,"213 Vinay Marg, New Delhi, Delhi",246.7709808349609,"<bound method StreetViewPanorama.permalink of id_F4Kvrbkwg-uzLivnvEQ (28.58854, 77.19477) [2022-04]>",3.5583813589288287,IN,launch,© 2025 Google,Vinay Marg
Vn1OfXtmfscDjbPXGjDOwg,28.58838240112382,77.19468464273895,2022-04,"213 Vinay Marg, New Delhi, Delhi",247.17138671875,"<bound method StreetViewPanorama.permalink of Vn1OfXtmfscDjbPXGjDOwg (28.58838, 77.19468) [2022-04]>",3.5492070352896157,IN,launch,© 2025 Google,Vinay Marg
6z2FLPRt7QKoMAGKs0N2oA,28.5882940886633,77.19463963368422,2022-04,"213 Vinay Marg, New Delhi, Delhi",247.410400390625,"<bound method StreetViewPanorama.permalink of 6z2FLPRt7QKoMAGKs0N2oA (28.58829, 77.19464) [2022-04]>",3.55121346085488,IN,launch,© 2025 Google,Vinay Marg
zHXcm9OZOGMiHS-AK14ysw,28.5882064260023,77.1945940981904,2022-04,"213 Vinay Marg, New Delhi, Delhi",247.6487884521484,"<bound method StreetViewPanorama.permalink of zHXcm9OZOGMiHS-AK14ysw (28.58821, 77.19459) [2022-04]>",3.5495665620367767,IN,launch,© 2025 Google,Vinay Marg
14WhfmrJDWRkZYywJySW-w,28.58809288594683,77.19453601628271,2022-04,"213 Vinay Marg, New Delhi, Delhi",247.8466949462891,"<bound method StreetViewPanorama.permalink of 14WhfmrJDWRkZYywJySW-w (28.58809, 77.19454) [2022-04]>",3.5450913861410065,IN,launch,© 2025 Google,Vinay Marg
sI-tAtVLUF593pSWhGb0eA,28.58792490976768,77.19444950752758,2022-04,"213 Vinay Marg, New Delhi, Delhi",248.1272735595703,"<bound method StreetViewPanorama.permalink of sI-tAtVLUF593pSWhGb0eA (28.58792, 77.19445) [2022-04]>",3.5535455910214635,IN,launch,© 2025 Google,Vinay Marg
z3RxMZ_2i4NrYUdnCI_zGA,28.58782196907066,77.19439519824641,2022-04,"213 Vinay Marg, New Delhi, Delhi",248.2125244140625,"<bound method StreetViewPanorama.permalink of z3RxMZ_2i4NrYUdnCI_zGA (28.58782, 77.19440) [2022-04]>",3.556138710974873,IN,launch,© 2025 Google,Vinay Marg
Vl_nWFoIzQKMcn_hfy0Y_Q,28.58774421025706,77.19435440046631,2022-04,"213 Vinay Marg, New Delhi, Delhi",248.1959686279297,"<bound method StreetViewPanorama.permalink of Vl_nWFoIzQKMcn_hfy0Y_Q (28.58774, 77.19435) [2022-04]>",3.557810643507225,IN,launch,© 2025 Google,Vinay Marg
FagLRNHx7aFEphs0BWbbOA,28.58766643465138,77.19431342719777,2022-04,"213 Vinay Marg, New Delhi, Delhi",248.1378784179688,"<bound method StreetViewPanorama.permalink of FagLRNHx7aFEphs0BWbbOA (28.58767, 77.19431) [2022-04]>",3.5569440508885126,IN,launch,© 2025 Google,Vinay Marg
IdV4zZHHI_o4d40o2AyWqA,28.58750903248971,77.19423042777099,2022-04,"364 Vinay Marg, New Delhi, Delhi",247.9948577880859,"<bound method StreetViewPanorama.permalink of IdV4zZHHI_o4d40o2AyWqA (28.58751, 77.19423) [2022-04]>",3.5572162259519193,IN,launch,© 2025 Google,Vinay Marg
pF8MW9AneCZXdJ5hPuGwEg,28.58742169436855,77.19418462890806,2022-04,"364 Vinay Marg, New Delhi, Delhi",247.8367156982422,"<bound method StreetViewPanorama.permalink of pF8MW9AneCZXdJ5hPuGwEg (28.58742, 77.19418) [2022-04]>",3.5586242392202436,IN,launch,© 2025 Google,Vinay Marg
ySpceT4E2A4jrtk0X97KJA,28.58725867705974,77.19409873405806,2022-04,"364 Vinay Marg, New Delhi, Delhi",247.6119537353516,"<bound method StreetViewPanorama.permalink of ySpceT4E2A4jrtk0X97KJA (28.58726, 77.19410) [2022-04]>",3.5546875544968897,IN,launch,© 2025 Google,Vinay Marg
HXYJTuABrGXgssU5Z84-Tw,28.58717509917712,77.19405565500362,2022-04,"364 Vinay Marg, New Delhi, Delhi",247.5521087646484,"<bound method StreetViewPanorama.permalink of HXYJTuABrGXgssU5Z84-Tw (28.58718, 77.19406) [2022-04]>",3.549010760317276,IN,launch,© 2025 Google,Vinay Marg
uzu-yNbiOOSqkk8b1QiMyQ,28.58709047945413,77.19401266367096,2022-04,"364 Vinay Marg, New Delhi, Delhi",247.3880462646484,"<bound method StreetViewPanorama.permalink of uzu-yNbiOOSqkk8b1QiMyQ (28.58709, 77.19401) [2022-04]>",3.543278306070881,IN,launch,© 2025 Google,Vinay Marg
Wvi3iq87qW6lIkhtGBDjbA,28.58699041139051,77.19396186368839,2022-04,"364 Vinay Marg, New Delhi, Delhi",247.2218322753906,"<bound method StreetViewPanorama.permalink of Wvi3iq87qW6lIkhtGBDjbA (28.58699, 77.19396) [2022-04]>",3.5425334199139855,IN,launch,© 2025 Google,Vinay Marg
yC5KWsLY7Ryd0Da1MmmvLA,28.58690458684955,77.19391817042172,2022-04,"364 Vinay Marg, New Delhi, Delhi",247.1061706542969,"<bound method StreetViewPanorama.permalink of yC5KWsLY7Ryd0Da1MmmvLA (28.58690, 77.19392) [2022-04]>",3.542826900266113,IN,launch,© 2025 Google,Vinay Marg
VXXdVBlZtqlbZW6pqwJ1jQ,28.58670839424274,77.19381937795619,2022-04,"364 Vinay Marg, New Delhi, Delhi",246.9112854003906,"<bound method StreetViewPanorama.permalink of VXXdVBlZtqlbZW6pqwJ1jQ (28.58671, 77.19382) [2022-04]>",3.54037918890822,IN,launch,© 2025 Google,Vinay Marg
MSLrQp1AzZEOUEPgq5Z74w,28.58659735116671,77.19376454196066,2022-04,"Vinay Marg, New Delhi, Delhi",246.8273315429688,"<bound method StreetViewPanorama.permalink of MSLrQp1AzZEOUEPgq5Z74w (28.58660, 77.19376) [2022-04]>",3.542820242363387,IN,launch,© 2025 Google,Vinay Marg
jwMwpJqMNmkTLAfKc42e3g,28.58651486971846,77.1937228665871,2022-04,"Vinay Marg, New Delhi, Delhi",246.81005859375,"<bound method StreetViewPanorama.permalink of jwMwpJqMNmkTLAfKc42e3g (28.58651, 77.19372) [2022-04]>",3.5483447037286475,IN,launch,© 2025 Google,Vinay Marg
E-RRPoKteVn6_cgQC3hl5A,28.58643299152329,77.19367926097001,2022-04,"Vinay Marg, New Delhi, Delhi",246.8007354736328,"<bound method StreetViewPanorama.permalink of E-RRPoKteVn6_cgQC3hl5A (28.58643, 77.19368) [2022-04]>",3.5598812512547613,IN,launch,© 2025 Google,Vinay Marg
9N9NiG2CVs8O6wh10_ZyIg,28.58627413682176,77.19359389218029,2022-04,"Vinay Marg, New Delhi, Delhi",246.8353424072266,"<bound method StreetViewPanorama.permalink of 9N9NiG2CVs8O6wh10_ZyIg (28.58627, 77.19359) [2022-04]>",3.557195186979308,IN,launch,© 2025 Google,Vinay Marg
A2-PSl_dWYtBes3Uds2Swg,28.58619444734071,77.19355212900895,2022-04,"Vinay Marg, New Delhi, Delhi",246.83544921875,"<bound method StreetViewPanorama.permalink of A2-PSl_dWYtBes3Uds2Swg (28.58619, 77.19355) [2022-04]>",3.549970563574141,IN,launch,© 2025 Google,Vinay Marg
BE4SK5tHLyuLALrPj7PRYg,28.58611422901102,77.19351124320093,2022-04,"Vinay Marg, New Delhi, Delhi",246.9093322753906,"<bound method StreetViewPanorama.permalink of BE4SK5tHLyuLALrPj7PRYg (28.58611, 77.19351) [2022-04]>",3.5453600990949963,IN,launch,© 2025 Google,Vinay Marg
zTrkuHwv4elITt0nO9zeWg,28.58596141635527,77.19343324427055,2022-04,"Vinay Marg, New Delhi, Delhi",247.0732574462891,"<bound method StreetViewPanorama.permalink of zTrkuHwv4elITt0nO9zeWg (28.58596, 77.19343) [2022-04]>",3.551708276185418,IN,launch,© 2025 Google,Vinay Marg
gI7-7rGXaR4o6EOE1CckTQ,28.585889646914,77.19339560472335,2022-04,"Vinay Marg, New Delhi, Delhi",247.0653533935547,"<bound method StreetViewPanorama.permalink of gI7-7rGXaR4o6EOE1CckTQ (28.58589, 77.19340) [2022-04]>",3.555536836568516,IN,launch,© 2025 Google,Vinay Marg
aS7ScfaxHE_OYuCraRbdxg,28.58571793531135,77.19331032346732,2022-04,"Vinay Marg, New Delhi, Delhi",247.0360870361328,"<bound method StreetViewPanorama.permalink of aS7ScfaxHE_OYuCraRbdxg (28.58572, 77.19331) [2022-04]>",3.5420708288326384,IN,launch,© 2025 Google,Vinay Marg
rCkX7xYXnE7LyIm8dFQ9-Q,28.58562904711927,77.19326662996053,2022-04,"Vinay Marg, New Delhi, Delhi",247.0197448730469,"<bound method StreetViewPanorama.permalink of rCkX7xYXnE7LyIm8dFQ9-Q (28.58563, 77.19327) [2022-04]>",3.523554668721645,IN,launch,© 2025 Google,Vinay Marg
DFFRkkKT6QofyB9cgo2T2w,28.5855236872894,77.19321907596495,2022-04,"Vinay Marg, New Delhi, Delhi",246.9958648681641,"<bound method StreetViewPanorama.permalink of DFFRkkKT6QofyB9cgo2T2w (28.58552, 77.19322) [2022-04]>",3.4480007885960964,IN,launch,© 2025 Google,Vinay Marg
ump1Jpq_CeRGug9p22DRgQ,28.58542987776936,77.19320082645604,2022-04,"Vinay Marg, New Delhi, Delhi",247.0423736572266,"<bound method StreetViewPanorama.permalink of ump1Jpq_CeRGug9p22DRgQ (28.58543, 77.19320) [2022-04]>",3.1286395706798653,IN,launch,© 2025 Google,Vinay Marg
Uso-YsDOJJb2Q5mKxSDILw,28.58902502323936,77.19490644149595,2022-04,"Vinay Marg, New Delhi, Delhi",245.6432037353516,"<bound method StreetViewPanorama.permalink of Uso-YsDOJJb2Q5mKxSDILw (28.58903, 77.19491) [2022-04]>",0.4092594495946775,IN,launch,© 2025 Google,Vinay Marg
rYRVvjIEKaqU_nooM9wtNQ,28.58891889446341,77.19485081637198,2022-04,"Vinay Marg, New Delhi, Delhi",245.9144439697266,"<bound method StreetViewPanorama.permalink of rYRVvjIEKaqU_nooM9wtNQ (28.58892, 77.19485) [2022-04]>",0.4125345052347161,IN,launch,© 2025 Google,Vinay Marg
3C9dWIqcZZkk2sCbAzl8hA,28.58876211527631,77.19476974753259,2022-04,"Vinay Marg, New Delhi, Delhi",246.3307800292969,"<bound method StreetViewPanorama.permalink of 3C9dWIqcZZkk2sCbAzl8hA (28.58876, 77.19477) [2022-04]>",0.3936811556402045,IN,launch,© 2025 Google,Vinay Marg
vojh3SADdcAmHxAlIiQVBw,28.58867215696816,77.19472491398398,2022-04,"Vinay Marg, New Delhi, Delhi",246.5511169433594,"<bound method StreetViewPanorama.permalink of vojh3SADdcAmHxAlIiQVBw (28.58867, 77.19472) [2022-04]>",0.3939350547606298,IN,launch,© 2025 Google,Vinay Marg
x-egWlTE6vwhjqu3d6q7xQ,28.588595553884,77.1946861342668,2022-04,"Vinay Marg, New Delhi, Delhi",246.7922210693359,"<bound method StreetViewPanorama.permalink of x-egWlTE6vwhjqu3d6q7xQ (28.58860, 77.19469) [2022-04]>",0.4075120830244492,IN,launch,© 2025 Google,Vinay Marg
i9gny3iugdwd5XIeAwbQQg,28.5884172318693,77.1945939227164,2022-04,"Vinay Marg, New Delhi, Delhi",247.2990112304688,"<bound method StreetViewPanorama.permalink of i9gny3iugdwd5XIeAwbQQg (28.58842, 77.19459) [2022-04]>",0.4025745490739287,IN,launch,© 2025 Google,Vinay Marg
l7tUW9a3jgtebPV2kIaILQ,28.58833237902864,77.19455031741973,2022-04,"Vinay Marg, New Delhi, Delhi",247.5117034912109,"<bound method StreetViewPanorama.permalink of l7tUW9a3jgtebPV2kIaILQ (28.58833, 77.19455) [2022-04]>",0.4023006762453277,IN,launch,© 2025 Google,Vinay Marg
CwtOg8NjGjK3E2eh29Ppxw,28.58825798042396,77.19451171311954,2022-04,"Vinay Marg, New Delhi, Delhi",247.6896514892578,"<bound method StreetViewPanorama.permalink of CwtOg8NjGjK3E2eh29Ppxw (28.58826, 77.19451) [2022-04]>",0.4152253299106184,IN,launch,© 2025 Google,Vinay Marg
iWHEJbI7CH-nsDt3JPScvw,28.58816202989798,77.19446003597984,2022-04,"Vinay Marg, New Delhi, Delhi",247.9045257568359,"<bound method StreetViewPanorama.permalink of iWHEJbI7CH-nsDt3JPScvw (28.58816, 77.19446) [2022-04]>",0.4287126429352157,IN,launch,© 2025 Google,Vinay Marg
RkFBxHL3ygaV2RoEQhWM5w,28.5879905252214,77.1943677365164,2022-04,"Vinay Marg, New Delhi, Delhi",248.1725921630859,"<bound method StreetViewPanorama.permalink of RkFBxHL3ygaV2RoEQhWM5w (28.58799, 77.19437) [2022-04]>",0.4127089755756299,IN,launch,© 2025 Google,Vinay Marg
kVe-_fhLfkn0h1CTnJEU-Q,28.5879033204488,77.19432149902053,2022-04,"Vinay Marg, New Delhi, Delhi",248.2364044189453,"<bound method StreetViewPanorama.permalink of kVe-_fhLfkn0h1CTnJEU-Q (28.58790, 77.19432) [2022-04]>",0.4217204136246719,IN,launch,© 2025 Google,Vinay Marg
fjn18aO-E0KahcepxgksaA,28.58782838726353,77.19428096442677,2022-04,"Vinay Marg, New Delhi, Delhi",248.2758178710938,"<bound method StreetViewPanorama.permalink of fjn18aO-E0KahcepxgksaA (28.58783, 77.19428) [2022-04]>",0.42456506914304,IN,launch,© 2025 Google,Vinay Marg
7mShpIxzIF7Z7voaTIKrgQ,28.5876584165713,77.19419006862067,2022-04,"Vinay Marg, New Delhi, Delhi",248.2053070068359,"<bound method StreetViewPanorama.permalink of 7mShpIxzIF7Z7voaTIKrgQ (28.58766, 77.19419) [2022-04]>",0.4131128439549404,IN,launch,© 2025 Google,Vinay Marg
C7DtnRyaPONMTPJYpHgVBw,28.58757572610607,77.19414619996344,2022-04,"Vinay Marg, New Delhi, Delhi",248.1513671875,"<bound method StreetViewPanorama.permalink of C7DtnRyaPONMTPJYpHgVBw (28.58758, 77.19415) [2022-04]>",0.41983576110025,IN,launch,© 2025 Google,Vinay Marg
W6HbvRN7hpPK-V5-9Jt1oA,28.58749369382515,77.19410189260319,2022-04,"Vinay Marg, New Delhi, Delhi",248.0396118164062,"<bound method StreetViewPanorama.permalink of W6HbvRN7hpPK-V5-9Jt1oA (28.58749, 77.19410) [2022-04]>",0.4253184774154234,IN,launch,© 2025 Google,Vinay Marg
f5bOi8dC6Ylk34bwC1wp5w,28.58730449369739,77.19400117006714,2022-04,"Vinay Marg, New Delhi, Delhi",247.6550598144531,"<bound method StreetViewPanorama.permalink of f5bOi8dC6Ylk34bwC1wp5w (28.58730, 77.19400) [2022-04]>",0.4059409511393569,IN,launch,© 2025 Google,Vinay Marg
to1jKOESc22mCbcK7IxaAA,28.58721428794152,77.19395466921586,2022-04,"Vinay Marg, New Delhi, Delhi",247.5171813964844,"<bound method StreetViewPanorama.permalink of to1jKOESc22mCbcK7IxaAA (28.58721, 77.19395) [2022-04]>",0.4068034824374065,IN,launch,© 2025 Google,Vinay Marg
ZUEfm6pCFD28w6C8ZEHJSw,28.58713555780215,77.19391378354666,2022-04,"Vinay Marg, New Delhi, Delhi",247.3794708251953,"<bound method StreetViewPanorama.permalink of ZUEfm6pCFD28w6C8ZEHJSw (28.58714, 77.19391) [2022-04]>",0.4057989047847148,IN,launch,© 2025 Google,Vinay Marg
k__3sgtPFzqSBQexyWtL_A,28.58704199287139,77.19386693171097,2022-04,"Vinay Marg, New Delhi, Delhi",247.2802734375,"<bound method StreetViewPanorama.permalink of k__3sgtPFzqSBQexyWtL_A (28.58704, 77.19387) [2022-04]>",0.4051449322895323,IN,launch,© 2025 Google,Vinay Marg
fyzu9DJKJJ38jH0786urJw,28.58688580789681,77.19378568672353,2022-04,"Vinay Marg, New Delhi, Delhi",247.0911712646484,"<bound method StreetViewPanorama.permalink of fyzu9DJKJJ38jH0786urJw (28.58689, 77.19379) [2022-04]>",0.4100277382796517,IN,launch,© 2025 Google,Vinay Marg
BDpR60ScldbfmeV6zyRg-A,28.58679390934629,77.1937379574609,2022-04,"Vinay Marg, New Delhi, Delhi",247.01220703125,"<bound method StreetViewPanorama.permalink of BDpR60ScldbfmeV6zyRg-A (28.58679, 77.19374) [2022-04]>",0.4013681371001227,IN,launch,© 2025 Google,Vinay Marg
H88DUMQry7Nv_KmK1nqpbA,28.58666212327936,77.19367118910353,2022-04,"Vinay Marg, New Delhi, Delhi",246.9135437011719,"<bound method StreetViewPanorama.permalink of H88DUMQry7Nv_KmK1nqpbA (28.58666, 77.19367) [2022-04]>",0.3977195065381734,IN,launch,© 2025 Google,Vinay Marg
JsBoVd4KZChQuY7eys2Fgw,28.58658391055038,77.19363205809078,2022-04,"Vinay Marg, New Delhi, Delhi",246.8806762695312,"<bound method StreetViewPanorama.permalink of JsBoVd4KZChQuY7eys2Fgw (28.58658, 77.19363) [2022-04]>",0.4017767325903683,IN,launch,© 2025 Google,Vinay Marg
1IcXbt7zspm1QIUeW6HSaQ,28.58642970545345,77.19355230448451,2022-04,"Vinay Marg, New Delhi, Delhi",246.8641510009766,"<bound method StreetViewPanorama.permalink of 1IcXbt7zspm1QIUeW6HSaQ (28.58643, 77.19355) [2022-04]>",0.4100338302606452,IN,launch,© 2025 Google,Vinay Marg
tLJUtnk9aylkil7RaYmRww,28.58632856540083,77.19350036371316,2022-04,"Vinay Marg, New Delhi, Delhi",246.885009765625,"<bound method StreetViewPanorama.permalink of tLJUtnk9aylkil7RaYmRww (28.58633, 77.19350) [2022-04]>",0.4000410506394226,IN,launch,© 2025 Google,Vinay Marg
fikOCDidcIWOjZe4npgdlA,28.58624091480402,77.19345588063582,2022-04,"Vinay Marg, New Delhi, Delhi",246.9198455810547,"<bound method StreetViewPanorama.permalink of fikOCDidcIWOjZe4npgdlA (28.58624, 77.19346) [2022-04]>",0.3974867129693869,IN,launch,© 2025 Google,Vinay Marg
UVVtircTFZ5ky0ftWBO4rw,28.58612736977025,77.19339867554933,2022-04,"Vinay Marg, New Delhi, Delhi",247.0029296875,"<bound method StreetViewPanorama.permalink of UVVtircTFZ5ky0ftWBO4rw (28.58613, 77.19340) [2022-04]>",0.4038417809891292,IN,launch,© 2025 Google,Vinay Marg
pmW7J1zipIJ5LktoBJSOfA,28.58602750132402,77.19334813851744,2022-04,"Vinay Marg, New Delhi, Delhi",247.0673675537109,"<bound method StreetViewPanorama.permalink of pmW7J1zipIJ5LktoBJSOfA (28.58603, 77.19335) [2022-04]>",0.394654840624251,IN,launch,© 2025 Google,Vinay Marg
BUNXZk_mUv1u-MueWJwKyg,28.58594437719131,77.19330523466616,2022-04,"Vinay Marg, New Delhi, Delhi",247.1207885742188,"<bound method StreetViewPanorama.permalink of BUNXZk_mUv1u-MueWJwKyg (28.58594, 77.19331) [2022-04]>",0.4163459880973237,IN,launch,© 2025 Google,Vinay Marg
Ig3eaYKByt8tX2D0BoswLw,28.58576537102369,77.1932086351405,2022-04,"Vinay Marg, New Delhi, Delhi",247.1566467285156,"<bound method StreetViewPanorama.permalink of Ig3eaYKByt8tX2D0BoswLw (28.58577, 77.19321) [2022-04]>",0.4313999722121875,IN,launch,© 2025 Google,Vinay Marg
oNZXYLPcOoFtuOZ9Itk5_Q,28.58567110615425,77.19315537814764,2022-04,"Vinay Marg, New Delhi, Delhi",247.1596374511719,"<bound method StreetViewPanorama.permalink of oNZXYLPcOoFtuOZ9Itk5_Q (28.58567, 77.19316) [2022-04]>",0.4503128101675488,IN,launch,© 2025 Google,Vinay Marg
FEYmghlNzh9jFiMf8-oVQg,28.58559054584043,77.19310633255974,2022-04,"Vinay Marg, New Delhi, Delhi",247.1387634277344,"<bound method StreetViewPanorama.permalink of FEYmghlNzh9jFiMf8-oVQg (28.58559, 77.19311) [2022-04]>",0.506963239980578,IN,launch,© 2025 Google,Vinay Marg
-DMz1bnAvEGqQ3f6brpUQA,28.58545040061007,77.19296121365312,2022-04,"Vinay Marg, New Delhi, Delhi",247.3363952636719,"<bound method StreetViewPanorama.permalink of -DMz1bnAvEGqQ3f6brpUQA (28.58545, 77.19296) [2022-04]>",0.9990368128855502,IN,launch,© 2025 Google,Vinay Marg
dcnq4kR4upABE4HWe1TdGQ,28.58884048999072,77.19480966780135,2022-04,"Vinay Marg, New Delhi, Delhi",246.1409149169922,"<bound method StreetViewPanorama.permalink of dcnq4kR4upABE4HWe1TdGQ (28.58884, 77.19481) [2022-04]>",0.4060943492181455,IN,launch,© 2025 Google,Vinay Marg
jF9WjiC_V24QlLDKX-CXfQ,28.58850839130158,77.19464033557993,2022-04,"Vinay Marg, New Delhi, Delhi",247.0703125,"<bound method StreetViewPanorama.permalink of jF9WjiC_V24QlLDKX-CXfQ (28.58851, 77.19464) [2022-04]>",0.4099383226460524,IN,launch,© 2025 Google,Vinay Marg
F1EMcEdFcGhTbVeUe3OfQA,28.58807708383204,77.19441362304572,2022-04,"Vinay Marg, New Delhi, Delhi",248.0674285888672,"<bound method StreetViewPanorama.permalink of F1EMcEdFcGhTbVeUe3OfQA (28.58808, 77.19441) [2022-04]>",0.42249672508243,IN,launch,© 2025 Google,Vinay Marg
nJ1A5BxgppY_icNek-2Zsg,28.58773869754522,77.1942325334654,2022-04,"Vinay Marg, New Delhi, Delhi",248.2595825195312,"<bound method StreetViewPanorama.permalink of nJ1A5BxgppY_icNek-2Zsg (28.58774, 77.19423) [2022-04]>",0.4188119421086826,IN,launch,© 2025 Google,Vinay Marg
37zrQvTp01moCjdjT-Eu2Q,28.58739386615561,77.19404810958717,2022-04,"Vinay Marg, New Delhi, Delhi",247.7828826904297,"<bound method StreetViewPanorama.permalink of 37zrQvTp01moCjdjT-Eu2Q (28.58739, 77.19405) [2022-04]>",0.4167321464553853,IN,launch,© 2025 Google,Vinay Marg
Hc9qPRR3KbPpAuU3AMg1QA,28.5869641797052,77.19382648469936,2022-04,"Vinay Marg, New Delhi, Delhi",247.1718902587891,"<bound method StreetViewPanorama.permalink of Hc9qPRR3KbPpAuU3AMg1QA (28.58696, 77.19383) [2022-04]>",0.4123681575351269,IN,launch,© 2025 Google,Vinay Marg
MKGZcscFoQqZ8c5LzvK4hQ,28.58671465021183,77.19369794909358,2022-04,"Vinay Marg, New Delhi, Delhi",246.9418640136719,"<bound method StreetViewPanorama.permalink of MKGZcscFoQqZ8c5LzvK4hQ (28.58671, 77.19370) [2022-04]>",0.3968286458640283,IN,launch,© 2025 Google,Vinay Marg
PlgIe91vdavOqe4V-_vm6w,28.58650624335875,77.19359222516321,2022-04,"Vinay Marg, New Delhi, Delhi",246.8689727783203,"<bound method StreetViewPanorama.permalink of PlgIe91vdavOqe4V-_vm6w (28.58651, 77.19359) [2022-04]>",0.4070091117630742,IN,launch,© 2025 Google,Vinay Marg
mXQ3A-nx4Lwx5LVAGcIkzg,28.58584612022065,77.19325232866865,2022-04,"Vinay Marg, New Delhi, Delhi",247.1728668212891,"<bound method StreetViewPanorama.permalink of mXQ3A-nx4Lwx5LVAGcIkzg (28.58585, 77.19325) [2022-04]>",0.4276833977529274,IN,launch,© 2025 Google,Vinay Marg
9iII0VtUp0X802gPdeflwQ,28.58551184557329,77.19304377527776,2022-04,"Vinay Marg, New Delhi, Delhi",247.2624359130859,"<bound method StreetViewPanorama.permalink of 9iII0VtUp0X802gPdeflwQ (28.58551, 77.19304) [2022-04]>",0.709726371814637,IN,launch,© 2025 Google,Vinay Marg
0oJnW5YXkuigCNC66F_OrA,28.58890907046059,77.19496329490795,2022-04,"Vinay Marg, New Delhi, Delhi",245.7977294921875,"<bound method StreetViewPanorama.permalink of 0oJnW5YXkuigCNC66F_OrA (28.58891, 77.19496) [2022-04]>",3.559315595839229,IN,launch,© 2025 Google,Vinay Marg
eKSsHXHW95aZhpmtclSeGg,28.58845674566401,77.19472359793043,2022-04,"213 Vinay Marg, New Delhi, Delhi",246.9898071289062,"<bound method StreetViewPanorama.permalink of eKSsHXHW95aZhpmtclSeGg (28.58846, 77.19472) [2022-04]>",3.554761324059085,IN,launch,© 2025 Google,Vinay Marg
aKkzJRQH1gafQrJ51uDkMg,28.58811811345592,77.19454908910127,2022-04,"213 Vinay Marg, New Delhi, Delhi",247.8021850585938,"<bound method StreetViewPanorama.permalink of aKkzJRQH1gafQrJ51uDkMg (28.58812, 77.19455) [2022-04]>",3.5453047053443223,IN,launch,© 2025 Google,Vinay Marg
Mi92vjf3CJtFmw8TOwDxzg,28.58801592791763,77.19449627139595,2022-04,"213 Vinay Marg, New Delhi, Delhi",247.9917602539062,"<bound method StreetViewPanorama.permalink of Mi92vjf3CJtFmw8TOwDxzg (28.58802, 77.19450) [2022-04]>",3.549139390997927,IN,launch,© 2025 Google,Vinay Marg
34d2o_7KMIKvVYPxvaJRcQ,28.58758855473865,77.19427227844058,2022-04,"213 Vinay Marg, New Delhi, Delhi",248.0748443603516,"<bound method StreetViewPanorama.permalink of 34d2o_7KMIKvVYPxvaJRcQ (28.58759, 77.19427) [2022-04]>",3.558003722686256,IN,launch,© 2025 Google,Vinay Marg
K-ACbeN_d00OCIVk3-coPA,28.58734103807319,77.19414190083417,2022-04,"364 Vinay Marg, New Delhi, Delhi",247.7227172851562,"<bound method StreetViewPanorama.permalink of K-ACbeN_d00OCIVk3-coPA (28.58734, 77.19414) [2022-04]>",3.5556992893950103,IN,launch,© 2025 Google,Vinay Marg
Veo5PDV4yCktcnI_A_scmw,28.58679187178816,77.193861404246,2022-04,"364 Vinay Marg, New Delhi, Delhi",247.0032958984375,"<bound method StreetViewPanorama.permalink of Veo5PDV4yCktcnI_A_scmw (28.58679, 77.19386) [2022-04]>",3.53940473826536,IN,launch,© 2025 Google,Vinay Marg
zal5di6h5QvtbOmDkNiiZQ,28.58668029901331,77.1938056031565,2022-04,"364 Vinay Marg, New Delhi, Delhi",246.8997497558594,"<bound method StreetViewPanorama.permalink of zal5di6h5QvtbOmDkNiiZQ (28.58668, 77.19381) [2022-04]>",3.5415866661464626,IN,launch,© 2025 Google,Vinay Marg
C45tzTeIxNMBKKrp_D1N-Q,28.58635328907491,77.19363644497628,2022-04,"Vinay Marg, New Delhi, Delhi",246.8045196533203,"<bound method StreetViewPanorama.permalink of C45tzTeIxNMBKKrp_D1N-Q (28.58635, 77.19364) [2022-04]>",3.562940690715044,IN,launch,© 2025 Google,Vinay Marg
EWSJBZuU8QIdaqJkLJBuxg,28.5860234603495,77.1934652685845,2022-04,"Vinay Marg, New Delhi, Delhi",247.0192565917969,"<bound method StreetViewPanorama.permalink of EWSJBZuU8QIdaqJkLJBuxg (28.58602, 77.19347) [2022-04]>",3.5455952562192508,IN,launch,© 2025 Google,Vinay Marg
CBGxsl9uYmxpEz15qWjjfQ,28.58580015457559,77.1933519989859,2022-04,"Vinay Marg, New Delhi, Delhi",247.154296875,"<bound method StreetViewPanorama.permalink of CBGxsl9uYmxpEz15qWjjfQ (28.58580, 77.19335) [2022-04]>",3.55114102287323,IN,launch,© 2025 Google,Vinay Marg
brkwyqmkoHLzRXc_v3Dayg,28.58455121989449,77.19946024321149,2022-04,"101 Satya Marg, New Delhi, Delhi",239.2503967285156,"<bound method StreetViewPanorama.permalink of brkwyqmkoHLzRXc_v3Dayg (28.58455, 77.19946) [2022-04]>",4.315880513062717,IN,launch,© 2025 Google,"Madhu Limaye Marg, Satya Marg"
BaJFWvQZECMpZDzkxp7tgw,28.58459083830427,77.19924450659309,2022-04,"101 Satya Marg, New Delhi, Delhi",239.3040618896484,"<bound method StreetViewPanorama.permalink of BaJFWvQZECMpZDzkxp7tgw (28.58459, 77.19924) [2022-04]>",1.493418580796808,IN,launch,© 2025 Google,Satya Marg
hAw04MsMET57B1KCjkXW-g,28.58456163831713,77.1991476487074,2022-04,"101 Satya Marg, New Delhi, Delhi",238.6678466796875,"<bound method StreetViewPanorama.permalink of hAw04MsMET57B1KCjkXW-g (28.58456, 77.19915) [2022-04]>",4.660578779273853,IN,launch,© 2025 Google,Satya Marg
es67PK4Xgl3WuWLD-XvG3A,28.58457839879296,77.19903534961036,2022-04,"101 Satya Marg, New Delhi, Delhi",238.8389739990234,"<bound method StreetViewPanorama.permalink of es67PK4Xgl3WuWLD-XvG3A (28.58458, 77.19904) [2022-04]>",1.4991507687270944,IN,launch,© 2025 Google,Satya Marg
1Em5YK4jTTVOuYBv0Scd5Q,28.58455174711096,77.19893401713067,2022-04,"101 Satya Marg, New Delhi, Delhi",239.0053405761719,"<bound method StreetViewPanorama.permalink of 1Em5YK4jTTVOuYBv0Scd5Q (28.58455, 77.19893) [2022-04]>",4.616087477470771,IN,launch,© 2025 Google,Satya Marg
_sTBSS0GQoXFgWkIOxuOWA,28.58454754380093,77.19882856107273,2022-04,"101 Satya Marg, New Delhi, Delhi",239.5332489013672,"<bound method StreetViewPanorama.permalink of _sTBSS0GQoXFgWkIOxuOWA (28.58455, 77.19883) [2022-04]>",4.622230324841146,IN,launch,© 2025 Google,Satya Marg
DGRVWdK4LQOU4QFlAjaF7Q,28.58454496427024,77.19871994649898,2022-04,"141 Satya Marg, New Delhi, Delhi",239.7745819091797,"<bound method StreetViewPanorama.permalink of DGRVWdK4LQOU4QFlAjaF7Q (28.58454, 77.19872) [2022-04]>",4.621516597669007,IN,launch,© 2025 Google,Satya Marg
1AvZKy6BgGTmlAZCj-AQzw,28.58455733025253,77.19851394701774,2022-04,"141 Satya Marg, New Delhi, Delhi",239.7305450439453,"<bound method StreetViewPanorama.permalink of 1AvZKy6BgGTmlAZCj-AQzw (28.58456, 77.19851) [2022-04]>",1.5101955635579256,IN,launch,© 2025 Google,Satya Marg
W1R39FnppRkdtHyvJA_1Fg,28.5845539326686,77.19841235088957,2022-04,"141 Satya Marg, New Delhi, Delhi",239.76513671875,"<bound method StreetViewPanorama.permalink of W1R39FnppRkdtHyvJA_1Fg (28.58455, 77.19841) [2022-04]>",1.5094026073433544,IN,launch,© 2025 Google,Satya Marg
46NuAyuMPNJdIMS7rEiIPA,28.58451763545098,77.19829891055026,2022-04,"98 Satya Marg, New Delhi, Delhi",239.8307647705078,"<bound method StreetViewPanorama.permalink of 46NuAyuMPNJdIMS7rEiIPA (28.58452, 77.19830) [2022-04]>",4.643462110315695,IN,launch,© 2025 Google,Satya Marg
vv2GBsh-EaUyKSywFSY8eQ,28.58454534192799,77.1981931029897,2022-04,"98 Satya Marg, New Delhi, Delhi",239.9073028564453,"<bound method StreetViewPanorama.permalink of vv2GBsh-EaUyKSywFSY8eQ (28.58455, 77.19819) [2022-04]>",1.5155233504766836,IN,launch,© 2025 Google,Satya Marg
LMpnAJOVbbWi2ZT_wd5Fjg,28.58454305494928,77.19808755853792,2022-04,"98 Satya Marg, New Delhi, Delhi",240.0621643066406,"<bound method StreetViewPanorama.permalink of LMpnAJOVbbWi2ZT_wd5Fjg (28.58454, 77.19809) [2022-04]>",1.5246249698181384,IN,launch,© 2025 Google,Satya Marg
G8L5b6nEaivMOYi9qzv2YQ,28.58450865618716,77.19798850634427,2022-04,"98 Satya Marg, New Delhi, Delhi",240.1300811767578,"<bound method StreetViewPanorama.permalink of G8L5b6nEaivMOYi9qzv2YQ (28.58451, 77.19799) [2022-04]>",4.669155755880562,IN,launch,© 2025 Google,Satya Marg
mstYiGwQmhvg7w5wzignbQ,28.58450731850526,77.19776548507018,2022-04,"61 Satya Marg, New Delhi, Delhi",240.3235321044922,"<bound method StreetViewPanorama.permalink of mstYiGwQmhvg7w5wzignbQ (28.58451, 77.19777) [2022-04]>",4.698225224443212,IN,launch,© 2025 Google,Satya Marg
SFJH_3eTOzadvmRbkk-weg,28.58454022695985,77.19766283548354,2022-04,"61 Satya Marg, New Delhi, Delhi",240.38134765625,"<bound method StreetViewPanorama.permalink of SFJH_3eTOzadvmRbkk-weg (28.58454, 77.19766) [2022-04]>",1.5520713748544404,IN,launch,© 2025 Google,Satya Marg
snE7IdIZ8PUk3yhDzBaOuA,28.58454085817923,77.19756036127757,2022-04,"61 Satya Marg, New Delhi, Delhi",240.4676666259766,"<bound method StreetViewPanorama.permalink of snE7IdIZ8PUk3yhDzBaOuA (28.58454, 77.19756) [2022-04]>",1.5603238452823236,IN,launch,© 2025 Google,Satya Marg
EwWR_fPP0vrOvURN-xgidQ,28.58451246997037,77.19745551814123,2022-04,"61 Satya Marg, New Delhi, Delhi",240.5793609619141,"<bound method StreetViewPanorama.permalink of EwWR_fPP0vrOvURN-xgidQ (28.58451, 77.19746) [2022-04]>",4.720745979885358,IN,launch,© 2025 Google,Satya Marg
ITFs6TD45F-oB_BEEsedpQ,28.58451591195542,77.19734856927309,2022-04,"151 Satya Marg, New Delhi, Delhi",240.7212982177734,"<bound method StreetViewPanorama.permalink of ITFs6TD45F-oB_BEEsedpQ (28.58452, 77.19735) [2022-04]>",4.7296851464003185,IN,launch,© 2025 Google,Satya Marg
jTRUp266SVWGlcBt4ttCTA,28.58455212835229,77.19714765604407,2022-04,"Satya Marg, New Delhi, Delhi",241.4529876708984,"<bound method StreetViewPanorama.permalink of jTRUp266SVWGlcBt4ttCTA (28.58455, 77.19715) [2022-04]>",1.5943924666852167,IN,launch,© 2025 Google,Satya Marg
7ldSIfen3MDjRO3x_I6tqg,28.58452904771234,77.19703974181101,2022-04,"Satya Marg, New Delhi, Delhi",241.0695495605469,"<bound method StreetViewPanorama.permalink of 7ldSIfen3MDjRO3x_I6tqg (28.58453, 77.19704) [2022-04]>",4.739785451150553,IN,launch,© 2025 Google,Satya Marg
34QjZAI7EatRX4izASE9YA,28.58453413274371,77.19692708977509,2022-04,"Satya Marg, New Delhi, Delhi",241.1530303955078,"<bound method StreetViewPanorama.permalink of 34QjZAI7EatRX4izASE9YA (28.58453, 77.19693) [2022-04]>",4.740946056753609,IN,launch,© 2025 Google,Satya Marg
xricuPSxo3Qf4eOT83s0Wg,28.5845422943151,77.19676416526265,2022-04,"Satya Marg, New Delhi, Delhi",241.2967987060547,"<bound method StreetViewPanorama.permalink of xricuPSxo3Qf4eOT83s0Wg (28.58454, 77.19676) [2022-04]>",4.749968846526798,IN,launch,© 2025 Google,Satya Marg
eUaSp46lYlrBEwa1MYN5LA,28.5845764521302,77.19666177801503,2022-04,"Satya Marg, New Delhi, Delhi",241.8799133300781,"<bound method StreetViewPanorama.permalink of eUaSp46lYlrBEwa1MYN5LA (28.58458, 77.19666) [2022-04]>",1.6207122214223608,IN,launch,© 2025 Google,Satya Marg
H6QnzM8Z009Yod2fGdjcUA,28.5845833735217,77.19655553031492,2022-04,"Satya Marg, New Delhi, Delhi",241.953857421875,"<bound method StreetViewPanorama.permalink of H6QnzM8Z009Yod2fGdjcUA (28.58458, 77.19656) [2022-04]>",1.6236157328008196,IN,launch,© 2025 Google,Satya Marg
XwmNQgfrpoIUvUzGbuEfuw,28.58459687035275,77.1963522468776,2022-04,"193 Satya Marg, New Delhi, Delhi",241.7062072753906,"<bound method StreetViewPanorama.permalink of XwmNQgfrpoIUvUzGbuEfuw (28.58460, 77.19635) [2022-04]>",1.6152032063914228,IN,launch,© 2025 Google,Satya Marg
KMjXelEgh9lftV38O1JxvQ,28.58460278953143,77.19625108757491,2022-04,"193 Satya Marg, New Delhi, Delhi",242.258544921875,"<bound method StreetViewPanorama.permalink of KMjXelEgh9lftV38O1JxvQ (28.58460, 77.19625) [2022-04]>",1.6011530342704372,IN,launch,© 2025 Google,Satya Marg
ENh1jH3oGuhdyt2xqfHjfA,28.5846029474789,77.19614641875194,2022-04,"193 Satya Marg, New Delhi, Delhi",242.3646697998047,"<bound method StreetViewPanorama.permalink of ENh1jH3oGuhdyt2xqfHjfA (28.58460, 77.19615) [2022-04]>",1.5057359671545334,IN,launch,© 2025 Google,Satya Marg
fifMEoSgWcu286F0geSF4Q,28.58461605123054,77.19604534700952,2022-04,"193 Satya Marg, New Delhi, Delhi",242.4018707275391,"<bound method StreetViewPanorama.permalink of fifMEoSgWcu286F0geSF4Q (28.58462, 77.19605) [2022-04]>",2.071449972231346,IN,launch,© 2025 Google,Satya Marg
0TZgumtH1mRUjR6jENifMQ,28.58465270992471,77.19594532801287,2022-04,"Satya Marg, New Delhi, Delhi",242.4131927490234,"<bound method StreetViewPanorama.permalink of 0TZgumtH1mRUjR6jENifMQ (28.58465, 77.19595) [2022-04]>",1.7196137685085244,IN,launch,© 2025 Google,Satya Marg
4ACZR6Bio6oVUhOotjTjyw,28.58466609188482,77.19584258911352,2022-04,"Satya Marg, New Delhi, Delhi",242.4802551269531,"<bound method StreetViewPanorama.permalink of 4ACZR6Bio6oVUhOotjTjyw (28.58467, 77.19584) [2022-04]>",1.6719334644581272,IN,launch,© 2025 Google,Satya Marg
onVHZ_mi8ZPmT2XpK0vVCg,28.58463295604966,77.19562754779854,2022-04,"Satya Marg, New Delhi, Delhi",242.6690368652344,"<bound method StreetViewPanorama.permalink of onVHZ_mi8ZPmT2XpK0vVCg (28.58463, 77.19563) [2022-04]>",4.839538943469433,IN,launch,© 2025 Google,Satya Marg
UWJY7uqMKmdaMMTBagUZSA,28.58465146377054,77.19548225650563,2022-04,"Satya Marg, New Delhi, Delhi",242.8090362548828,"<bound method StreetViewPanorama.permalink of UWJY7uqMKmdaMMTBagUZSA (28.58465, 77.19548) [2022-04]>",4.829776860177638,IN,launch,© 2025 Google,Satya Marg
4o3aK84mzJYFAPqyVzm04A,28.58470736668016,77.1953555651604,2022-04,"Satya Marg, New Delhi, Delhi",242.8370666503906,"<bound method StreetViewPanorama.permalink of 4o3aK84mzJYFAPqyVzm04A (28.58471, 77.19536) [2022-04]>",1.75456109991309,IN,launch,© 2025 Google,Satya Marg
vfLXqlZh1F2OThjm-ioHag,28.58472226652794,77.1952558965277,2022-04,"Satya Marg, New Delhi, Delhi",242.9382171630859,"<bound method StreetViewPanorama.permalink of vfLXqlZh1F2OThjm-ioHag (28.58472, 77.19526) [2022-04]>",1.691701709755622,IN,launch,© 2025 Google,Satya Marg
-DenmsUuE_b6CISL0bXczA,28.58473638055576,77.1951516655088,2022-04,"Satya Marg, New Delhi, Delhi",243.0692596435547,"<bound method StreetViewPanorama.permalink of -DenmsUuE_b6CISL0bXczA (28.58474, 77.19515) [2022-04]>",1.724555130753112,IN,launch,© 2025 Google,Satya Marg
yaO9qnwL4tnnNDVSAxB4AA,28.58475415432538,77.19504910139483,2022-04,"Satya Marg, New Delhi, Delhi",243.1076507568359,"<bound method StreetViewPanorama.permalink of yaO9qnwL4tnnNDVSAxB4AA (28.58475, 77.19505) [2022-04]>",1.7812186766345106,IN,launch,© 2025 Google,Satya Marg
p8EbyOSj445-y3oE7fAjAw,28.58477593891179,77.19494179940816,2022-04,"Satya Marg, New Delhi, Delhi",243.24072265625,"<bound method StreetViewPanorama.permalink of p8EbyOSj445-y3oE7fAjAw (28.58478, 77.19494) [2022-04]>",1.7583270760105707,IN,launch,© 2025 Google,Satya Marg
_CWxRPFUoUOG8ogpgQn7ig,28.58481196630443,77.19473895188753,2022-04,"173 Satya Marg, New Delhi, Delhi",243.12841796875,"<bound method StreetViewPanorama.permalink of _CWxRPFUoUOG8ogpgQn7ig (28.58481, 77.19474) [2022-04]>",1.7302605539144431,IN,launch,© 2025 Google,Satya Marg
mQGzHYRMu3_sK_ro26RNGw,28.58482813267202,77.19463972142118,2022-04,"173 Satya Marg, New Delhi, Delhi",243.195556640625,"<bound method StreetViewPanorama.permalink of mQGzHYRMu3_sK_ro26RNGw (28.58483, 77.19464) [2022-04]>",1.7329231823723044,IN,launch,© 2025 Google,Satya Marg
WC1E8Q1ae3-tZB8Ll5xdHA,28.58484481847844,77.1945376832865,2022-04,"173 Satya Marg, New Delhi, Delhi",243.6472930908203,"<bound method StreetViewPanorama.permalink of WC1E8Q1ae3-tZB8Ll5xdHA (28.58484, 77.19454) [2022-04]>",1.7354734254321642,IN,launch,© 2025 Google,Satya Marg
K9yhhq1k1WDrofHJ87U-qw,28.58485801484006,77.19441651837106,2022-04,"173 Satya Marg, New Delhi, Delhi",243.7589874267578,"<bound method StreetViewPanorama.permalink of K9yhhq1k1WDrofHJ87U-qw (28.58486, 77.19442) [2022-04]>",1.7572215978420775,IN,launch,© 2025 Google,Satya Marg
ep88yfeB7uZrfFOVr5kDEg,28.58487617885258,77.19432079712291,2022-04,"173 Satya Marg, New Delhi, Delhi",243.9995880126953,"<bound method StreetViewPanorama.permalink of ep88yfeB7uZrfFOVr5kDEg (28.58488, 77.19432) [2022-04]>",1.7685433614262782,IN,launch,© 2025 Google,Satya Marg
u_3HFKsalyUiDEM-kmhZfQ,28.58490148296067,77.1941944554855,2022-04,"173 Satya Marg, New Delhi, Delhi",244.3374938964844,"<bound method StreetViewPanorama.permalink of u_3HFKsalyUiDEM-kmhZfQ (28.58490, 77.19419) [2022-04]>",1.7719559360471044,IN,launch,© 2025 Google,Satya Marg
uk_rpz8qcyDrAq6onxhnmw,28.58494307917641,77.19398853587539,2022-04,"173 Satya Marg, New Delhi, Delhi",244.9296722412109,"<bound method StreetViewPanorama.permalink of uk_rpz8qcyDrAq6onxhnmw (28.58494, 77.19399) [2022-04]>",1.7738070993208197,IN,launch,© 2025 Google,Satya Marg
AUwHJBVomwKwkJtkABdZeg,28.58496154442076,77.19389597283228,2022-04,"173 Satya Marg, New Delhi, Delhi",245.2358856201172,"<bound method StreetViewPanorama.permalink of AUwHJBVomwKwkJtkABdZeg (28.58496, 77.19390) [2022-04]>",1.7799615314419377,IN,launch,© 2025 Google,Satya Marg
ZUsBJRIvnXRgWT2StB-TxA,28.58498299631545,77.19379253025595,2022-04,"Satya Marg, New Delhi, Delhi",245.5843505859375,"<bound method StreetViewPanorama.permalink of ZUsBJRIvnXRgWT2StB-TxA (28.58498, 77.19379) [2022-04]>",1.7830960720449602,IN,launch,© 2025 Google,Satya Marg
EWvaVdhZlKrPhm46CoXZSQ,28.58500833046896,77.19367750621647,2022-04,"Satya Marg, New Delhi, Delhi",245.9502716064453,"<bound method StreetViewPanorama.permalink of EWvaVdhZlKrPhm46CoXZSQ (28.58501, 77.19368) [2022-04]>",1.7961206608301572,IN,launch,© 2025 Google,Satya Marg
CHHiJuPEKVOkxBkYzKcHvw,28.58504365525474,77.19353238800899,2022-04,"Satya Marg, New Delhi, Delhi",246.3441314697266,"<bound method StreetViewPanorama.permalink of CHHiJuPEKVOkxBkYzKcHvw (28.58504, 77.19353) [2022-04]>",1.8563833357667436,IN,launch,© 2025 Google,Satya Marg
JpKt6MtAFcdb0L_gWJ72kg,28.585073005572,77.19344017556115,2022-04,"Satya Marg, New Delhi, Delhi",246.5635223388672,"<bound method StreetViewPanorama.permalink of JpKt6MtAFcdb0L_gWJ72kg (28.58507, 77.19344) [2022-04]>",1.960102141790697,IN,launch,© 2025 Google,Satya Marg
tle1MieXilBf73wMyPIPJw,28.58512049580193,77.19334638375899,2022-04,"Satya Marg, New Delhi, Delhi",246.8502502441406,"<bound method StreetViewPanorama.permalink of tle1MieXilBf73wMyPIPJw (28.58512, 77.19335) [2022-04]>",2.2540201844425836,IN,launch,© 2025 Google,Satya Marg
nfoXv6dHSdpT_nyYbn6NZQ,28.58456369567622,77.19935531402282,2022-04,"101 Satya Marg, New Delhi, Delhi",239.2642974853516,"<bound method StreetViewPanorama.permalink of nfoXv6dHSdpT_nyYbn6NZQ (28.58456, 77.19936) [2022-04]>",4.849943381216155,IN,launch,© 2025 Google,Satya Marg
Zk1XZQyFjQ1DMtRKK_5KDw,28.5845898850064,77.19645507307075,2022-04,"193 Satya Marg, New Delhi, Delhi",242.0328063964844,"<bound method StreetViewPanorama.permalink of Zk1XZQyFjQ1DMtRKK_5KDw (28.58459, 77.19646) [2022-04]>",1.6220054524477032,IN,launch,© 2025 Google,Satya Marg
308F4uoMw-sRevZc7yZ9Xw,28.5846584151223,77.1954652356541,2022-04,"Satya Marg, New Delhi, Delhi",242.8285675048828,"<bound method StreetViewPanorama.permalink of 308F4uoMw-sRevZc7yZ9Xw (28.58466, 77.19547) [2022-04]>",2.364887580622581,IN,launch,© 2025 Google,"Satya Marg, Lane G"
TiThqLyKhQLC2JqdaxaP9Q,28.58479473470684,77.19484169174348,2022-04,"173 Satya Marg, New Delhi, Delhi",243.1155548095703,"<bound method StreetViewPanorama.permalink of TiThqLyKhQLC2JqdaxaP9Q (28.58479, 77.19484) [2022-04]>",1.7408997493112552,IN,launch,© 2025 Google,Satya Marg
AocN6Ou88f0lMFN_9Sdlww,28.58492362322605,77.1940835554928,2022-04,"173 Satya Marg, New Delhi, Delhi",244.6577606201172,"<bound method StreetViewPanorama.permalink of AocN6Ou88f0lMFN_9Sdlww (28.58492, 77.19408) [2022-04]>",1.7703953236483188,IN,launch,© 2025 Google,Satya Marg
4r6OjqKtrtXC4z-yClnJzA,28.58503078112353,77.1935799418789,2022-04,"Satya Marg, New Delhi, Delhi",246.2098693847656,"<bound method StreetViewPanorama.permalink of 4r6OjqKtrtXC4z-yClnJzA (28.58503, 77.19358) [2022-04]>",1.8236019532767391,IN,launch,© 2025 Google,Satya Marg
GRDRXhD7_dKowikyLk9rPA,28.58499724839272,77.19346983095181,2022-04,"Satya Marg, New Delhi, Delhi",246.3584594726562,"<bound method StreetViewPanorama.permalink of GRDRXhD7_dKowikyLk9rPA (28.58500, 77.19347) [2022-04]>",4.854080868285703,IN,launch,© 2025 Google,Satya Marg
2pzfUBi1NjSzlvxxVuqJUg,28.58499695020585,77.19334208460072,2022-04,"Satya Marg, New Delhi, Delhi",246.6442108154297,"<bound method StreetViewPanorama.permalink of 2pzfUBi1NjSzlvxxVuqJUg (28.58500, 77.19334) [2022-04]>",4.53022556602996,IN,launch,© 2025 Google,Satya Marg
aswBrJ_-qPWPoby754NlDQ,28.58456481218103,77.19861615719694,2022-04,"141 Satya Marg, New Delhi, Delhi",239.9568634033203,"<bound method StreetViewPanorama.permalink of aswBrJ_-qPWPoby754NlDQ (28.58456, 77.19862) [2022-04]>",1.5016813043948878,IN,launch,© 2025 Google,Satya Marg
pBYKZaGQuxjG86SrV7Bf4Q,28.58454026369292,77.1978749778646,2022-04,"98 Satya Marg, New Delhi, Delhi",240.1834716796875,"<bound method StreetViewPanorama.permalink of pBYKZaGQuxjG86SrV7Bf4Q (28.58454, 77.19787) [2022-04]>",1.5427292720665515,IN,launch,© 2025 Google,Satya Marg
FlQJ0GaAzDtoe1mDFDz_wQ,28.58454999122209,77.19724627026541,2022-04,"151 Satya Marg, New Delhi, Delhi",240.830078125,"<bound method StreetViewPanorama.permalink of FlQJ0GaAzDtoe1mDFDz_wQ (28.58455, 77.19725) [2022-04]>",1.59393520192605,IN,launch,© 2025 Google,Satya Marg
ZmLU1gtWpd88xlgqblfPXg,28.58467792088823,77.19573458595595,2022-04,"Satya Marg, New Delhi, Delhi",242.541748046875,"<bound method StreetViewPanorama.permalink of ZmLU1gtWpd88xlgqblfPXg (28.58468, 77.19573) [2022-04]>",1.67778349726665,IN,launch,© 2025 Google,Satya Marg
zsxi2mPGbdcVvbHv4sX92w,28.58483855932693,77.19452162740693,2022-04,"173 Satya Marg, New Delhi, Delhi",243.5317993164062,"<bound method StreetViewPanorama.permalink of zsxi2mPGbdcVvbHv4sX92w (28.58484, 77.19452) [2022-04]>",1.7480432794612286,IN,launch,© 2025 Google,Satya Marg
t7YMcdFFB7LpYGwNtCWGAA,28.58464902237247,77.19946805148352,2022-04,"Madhu Limaye Marg, New Delhi, Delhi",239.361328125,"<bound method StreetViewPanorama.permalink of t7YMcdFFB7LpYGwNtCWGAA (28.58465, 77.19947) [2022-04]>",6.005452759210712,IN,launch,© 2025 Google,Madhu Limaye Marg
WdnEJuFXdM8SyzdjL4-vMQ,28.58458881811747,77.19949472243128,2022-04,"Madhu Limaye Marg, New Delhi, Delhi",239.3074798583984,"<bound method StreetViewPanorama.permalink of WdnEJuFXdM8SyzdjL4-vMQ (28.58459, 77.19949) [2022-04]>",2.867772022946135,IN,launch,© 2025 Google,"Satya Marg, Madhu Limaye Marg"
jOJoyysxjSxpwrl4LK4gRw,28.5845169149448,77.19951068990372,2022-04,"Madhu Limaye Marg, New Delhi, Delhi",239.2968444824219,"<bound method StreetViewPanorama.permalink of jOJoyysxjSxpwrl4LK4gRw (28.58452, 77.19951) [2022-04]>",6.025498372735737,IN,launch,© 2025 Google,Madhu Limaye Marg
ziVGdbdriyIOHpGV_Wm43Q,28.58443082586865,77.19953665897519,2022-04,"Madhu Limaye Marg, New Delhi, Delhi",239.3085021972656,"<bound method StreetViewPanorama.permalink of ziVGdbdriyIOHpGV_Wm43Q (28.58443, 77.19954) [2022-04]>",6.035178963298176,IN,launch,© 2025 Google,Madhu Limaye Marg
ZbjfJsdb50BJRJtPy-kL6Q,28.58434107018658,77.19956455817398,2022-04,"Madhu Limaye Marg, New Delhi, Delhi",239.3408203125,"<bound method StreetViewPanorama.permalink of ZbjfJsdb50BJRJtPy-kL6Q (28.58434, 77.19956) [2022-04]>",6.03124227857482,IN,launch,© 2025 Google,Madhu Limaye Marg
HLvbACHNFpvcodTiQn9eSQ,28.58424937682889,77.19961158322377,2022-04,"Madhu Limaye Marg, New Delhi, Delhi",239.2140197753906,"<bound method StreetViewPanorama.permalink of HLvbACHNFpvcodTiQn9eSQ (28.58425, 77.19961) [2022-04]>",2.902100169397257,IN,launch,© 2025 Google,Madhu Limaye Marg
2qAJRfaoIyIwNo7fSzzkhg,28.5841518449517,77.19962219895069,2022-04,"Madhu Limaye Marg, New Delhi, Delhi",239.2196502685547,"<bound method StreetViewPanorama.permalink of 2qAJRfaoIyIwNo7fSzzkhg (28.58415, 77.19962) [2022-04]>",6.118258936664287,IN,launch,© 2025 Google,Madhu Limaye Marg
jjqlPJB7P6IyRVqLD_2igQ,28.5840702851114,77.1996653637149,2022-04,"Madhu Limaye Marg, New Delhi, Delhi",239.2290802001953,"<bound method StreetViewPanorama.permalink of jjqlPJB7P6IyRVqLD_2igQ (28.58407, 77.19967) [2022-04]>",2.867694524958414,IN,launch,© 2025 Google,Madhu Limaye Marg
akB89bLXAfCY8DK1Qhwu4w,28.58397166257782,77.19969756181128,2022-04,"Madhu Limaye Marg, New Delhi, Delhi",239.2571258544922,"<bound method StreetViewPanorama.permalink of akB89bLXAfCY8DK1Qhwu4w (28.58397, 77.19970) [2022-04]>",2.883427681730274,IN,launch,© 2025 Google,Madhu Limaye Marg
GoIEIeXFAK9PX32Wa3XD3Q,28.58387895981492,77.19972484683979,2022-04,"Madhu Limaye Marg, New Delhi, Delhi",239.3199157714844,"<bound method StreetViewPanorama.permalink of GoIEIeXFAK9PX32Wa3XD3Q (28.58388, 77.19972) [2022-04]>",2.8963594593514816,IN,launch,© 2025 Google,Madhu Limaye Marg
c3n6sMxrru_u3K4ZNO4ojQ,28.58379132006041,77.19975107906384,2022-04,"Madhu Limaye Marg, New Delhi, Delhi",239.2489624023438,"<bound method StreetViewPanorama.permalink of c3n6sMxrru_u3K4ZNO4ojQ (28.58379, 77.19975) [2022-04]>",2.8847451475215364,IN,launch,© 2025 Google,Madhu Limaye Marg
7McZiB7AuuVkXWr0SB4CgQ,28.58368789298554,77.19978520726637,2022-04,"Madhu Limaye Marg, New Delhi, Delhi",239.2420806884766,"<bound method StreetViewPanorama.permalink of 7McZiB7AuuVkXWr0SB4CgQ (28.58369, 77.19979) [2022-04]>",2.8651104597527097,IN,launch,© 2025 Google,Madhu Limaye Marg
8aCmc7fR3rW3xflMIqbsAA,28.58363410639689,77.19980301709566,2022-04,"Madhu Limaye Marg, New Delhi, Delhi",239.2306823730469,"<bound method StreetViewPanorama.permalink of 8aCmc7fR3rW3xflMIqbsAA (28.58363, 77.19980) [2022-04]>",2.8714850021379235,IN,launch,© 2025 Google,Madhu Limaye Marg
ZmUfuWSn5d5nMqs-l-RE8g,28.58354090502896,77.19983425009032,2022-04,"Madhu Limaye Marg, New Delhi, Delhi",238.5441741943359,"<bound method StreetViewPanorama.permalink of ZmUfuWSn5d5nMqs-l-RE8g (28.58354, 77.19983) [2022-04]>",2.8761069182097567,IN,launch,© 2025 Google,Madhu Limaye Marg
1fNngUr9KTKEUz_q6OLpxA,28.58345335631515,77.19985960495914,2022-04,"Madhu Limaye Marg, New Delhi, Delhi",238.6593627929688,"<bound method StreetViewPanorama.permalink of 1fNngUr9KTKEUz_q6OLpxA (28.58345, 77.19986) [2022-04]>",2.862832125440147,IN,launch,© 2025 Google,Madhu Limaye Marg
UHNrAw9bm8IiIztgPVXF4A,28.58336083360193,77.19988969740888,2022-04,"Madhu Limaye Marg, New Delhi, Delhi",238.7292022705078,"<bound method StreetViewPanorama.permalink of UHNrAw9bm8IiIztgPVXF4A (28.58336, 77.19989) [2022-04]>",2.876025691796509,IN,launch,© 2025 Google,Madhu Limaye Marg
WWjgcKDLW4lQiVTjD2jbMA,28.58327068218792,77.19991987758401,2022-04,"Madhu Limaye Marg, New Delhi, Delhi",238.7485656738281,"<bound method StreetViewPanorama.permalink of WWjgcKDLW4lQiVTjD2jbMA (28.58327, 77.19992) [2022-04]>",2.853354467752772,IN,launch,© 2025 Google,Madhu Limaye Marg
q3g8kyLxk8-T8og7P1xCIw,28.58318486098219,77.19995049641663,2022-04,"Madhu Limaye Marg, New Delhi, Delhi",238.7632293701172,"<bound method StreetViewPanorama.permalink of q3g8kyLxk8-T8og7P1xCIw (28.58318, 77.19995) [2022-04]>",2.850901163756592,IN,launch,© 2025 Google,Madhu Limaye Marg
NfEW00rWuzsg15b3_w3uyQ,28.58309623911423,77.19998111524134,2022-04,"Madhu Limaye Marg, New Delhi, Delhi",238.7686309814453,"<bound method StreetViewPanorama.permalink of NfEW00rWuzsg15b3_w3uyQ (28.58310, 77.19998) [2022-04]>",2.864927500585821,IN,launch,© 2025 Google,Madhu Limaye Marg
CFzUdwNLQxFNqR3Jpgdr8Q,28.58300561639891,77.20001094446123,2022-04,"Madhu Limaye Marg, New Delhi, Delhi",238.6986236572266,"<bound method StreetViewPanorama.permalink of CFzUdwNLQxFNqR3Jpgdr8Q (28.58301, 77.20001) [2022-04]>",2.876250462592512,IN,launch,© 2025 Google,Madhu Limaye Marg
ruXlrY6LgPusxU2cr8GL5g,28.58291787631674,77.20003796621864,2022-04,"Madhu Limaye Marg, New Delhi, Delhi",238.70166015625,"<bound method StreetViewPanorama.permalink of ruXlrY6LgPusxU2cr8GL5g (28.58292, 77.20004) [2022-04]>",2.8934837780064138,IN,launch,© 2025 Google,Madhu Limaye Marg
tqwI8Gal4dYR7tRDGA4X4A,28.58283209804046,77.20006261918027,2022-04,"Madhu Limaye Marg, New Delhi, Delhi",238.7398681640625,"<bound method StreetViewPanorama.permalink of tqwI8Gal4dYR7tRDGA4X4A (28.58283, 77.20006) [2022-04]>",2.90814181664621,IN,launch,© 2025 Google,Madhu Limaye Marg
itHAF97Q5xLMGvLe7EyAIA,28.58273872312908,77.20008928999418,2022-04,"Madhu Limaye Marg, New Delhi, Delhi",238.8300476074219,"<bound method StreetViewPanorama.permalink of itHAF97Q5xLMGvLe7EyAIA (28.58274, 77.20009) [2022-04]>",2.899128614252946,IN,launch,© 2025 Google,Madhu Limaye Marg
5umm9D7Kn2bKY0hLF5-K0Q,28.58264428117114,77.20011578533627,2022-04,"Madhu Limaye Marg, New Delhi, Delhi",238.7095184326172,"<bound method StreetViewPanorama.permalink of 5umm9D7Kn2bKY0hLF5-K0Q (28.58264, 77.20012) [2022-04]>",3.0358382603866376,IN,launch,© 2025 Google,Madhu Limaye Marg
rAlTQPP25f3vLw1kv7hJ9g,28.58255413838211,77.20014789557733,2022-04,"Madhu Limaye Marg, New Delhi, Delhi",238.6694030761719,"<bound method StreetViewPanorama.permalink of rAlTQPP25f3vLw1kv7hJ9g (28.58255, 77.20015) [2022-04]>",2.8717899340827384,IN,launch,© 2025 Google,Madhu Limaye Marg
S047zXn8mbruIoEKuR1pBA,28.58252552375486,77.20015710753015,2022-04,"Madhu Limaye Marg, New Delhi, Delhi",238.6452026367188,"<bound method StreetViewPanorama.permalink of S047zXn8mbruIoEKuR1pBA (28.58253, 77.20016) [2022-04]>",2.8749894558163582,IN,launch,© 2025 Google,Madhu Limaye Marg
WplFu49Plvz9QE-FYuii9A,28.58245043466881,77.2001809708712,2022-04,"Madhu Limaye Marg, New Delhi, Delhi",238.5774688720703,"<bound method StreetViewPanorama.permalink of WplFu49Plvz9QE-FYuii9A (28.58245, 77.20018) [2022-04]>",2.880960262980317,IN,launch,© 2025 Google,Madhu Limaye Marg
6btXi01yqrUBTqffcquZfg,28.58235765615512,77.20020930858247,2022-04,"Madhu Limaye Marg, New Delhi, Delhi",238.5167694091797,"<bound method StreetViewPanorama.permalink of 6btXi01yqrUBTqffcquZfg (28.58236, 77.20021) [2022-04]>",2.8940097523217054,IN,launch,© 2025 Google,Madhu Limaye Marg
-m4i7R-DRV0Rd4--fhoHBw,28.58226472305921,77.20023694442439,2022-04,"Madhu Limaye Marg, New Delhi, Delhi",238.4176635742188,"<bound method StreetViewPanorama.permalink of -m4i7R-DRV0Rd4--fhoHBw (28.58226, 77.20024) [2022-04]>",2.894694983670182,IN,launch,© 2025 Google,Madhu Limaye Marg
qBkfrTDkHYDhLqs8KOyKqw,28.58218006990629,77.20026238693983,2022-04,"Madhu Limaye Marg, New Delhi, Delhi",238.3213958740234,"<bound method StreetViewPanorama.permalink of qBkfrTDkHYDhLqs8KOyKqw (28.58218, 77.20026) [2022-04]>",2.8901854529963513,IN,launch,© 2025 Google,Madhu Limaye Marg
PEyrh-RvFZLErHNPeDOt0g,28.58209587941,77.20028809264815,2022-04,"Madhu Limaye Marg, New Delhi, Delhi",238.2249908447266,"<bound method StreetViewPanorama.permalink of PEyrh-RvFZLErHNPeDOt0g (28.58210, 77.20029) [2022-04]>",2.889968139051401,IN,launch,© 2025 Google,Madhu Limaye Marg
EMcxRsjcpEIE_36BTvoRvw,28.58201458914546,77.200313008756,2022-04,"Madhu Limaye Marg, New Delhi, Delhi",238.12255859375,"<bound method StreetViewPanorama.permalink of EMcxRsjcpEIE_36BTvoRvw (28.58201, 77.20031) [2022-04]>",2.8889595999465874,IN,launch,© 2025 Google,Madhu Limaye Marg
DAs8t4_IclffuXxRxbxWsA,28.58192719840137,77.20034003044452,2022-04,"Madhu Limaye Marg, New Delhi, Delhi",238.7088928222656,"<bound method StreetViewPanorama.permalink of DAs8t4_IclffuXxRxbxWsA (28.58193, 77.20034) [2022-04]>",2.8879324187141435,IN,launch,© 2025 Google,Madhu Limaye Marg
jHSVeCo34BnI3MSMcsC3uA,28.58183227335965,77.20036880678136,2022-04,"Madhu Limaye Marg, New Delhi, Delhi",238.6923828125,"<bound method StreetViewPanorama.permalink of jHSVeCo34BnI3MSMcsC3uA (28.58183, 77.20037) [2022-04]>",2.8950510483079266,IN,launch,© 2025 Google,Madhu Limaye Marg
C_XWwz1sja-zTJjC4RUmYw,28.58172625839522,77.20039784630931,2022-04,"Madhu Limaye Marg, New Delhi, Delhi",238.5952301025391,"<bound method StreetViewPanorama.permalink of C_XWwz1sja-zTJjC4RUmYw (28.58173, 77.20040) [2022-04]>",2.9105120300163807,IN,launch,© 2025 Google,Madhu Limaye Marg
e0zukCb3xp5ETONfMr7QJw,28.58162969118314,77.20040758463884,2022-04,"Madhu Limaye Marg, New Delhi, Delhi",238.6300201416016,"<bound method StreetViewPanorama.permalink of e0zukCb3xp5ETONfMr7QJw (28.58163, 77.20041) [2022-04]>",2.994406131727731,IN,launch,© 2025 Google,Madhu Limaye Marg
UdwMlpmS7szm5nZG5EKR5Q,28.58408901247061,77.19962500641552,2022-04,"New Delhi, Delhi",239.2300109863281,"<bound method StreetViewPanorama.permalink of UdwMlpmS7szm5nZG5EKR5Q (28.58409, 77.19963) [2022-04]>",0.3178350601640475,IN,launch,© 2025 Google,Madhu Limaye Marg
L9pTm3fkd2mcptmy3D9j2g,28.58897589960362,77.19508209037531,2022-04,"Madhu Limaye Marg, New Delhi, Delhi",245.4812927246094,"<bound method StreetViewPanorama.permalink of L9pTm3fkd2mcptmy3D9j2g (28.58898, 77.19508) [2022-04]>",2.7126900274003134,IN,launch,© 2025 Google,"Madhu Limaye Marg, Vinay Marg"
Ku57V0LH0wjKfFkXLeKo-g,28.5889119907237,77.1951349955562,2022-04,"Madhu Limaye Marg, New Delhi, Delhi",245.542724609375,"<bound method StreetViewPanorama.permalink of Ku57V0LH0wjKfFkXLeKo-g (28.58891, 77.19513) [2022-04]>",2.386209913574191,IN,launch,© 2025 Google,Madhu Limaye Marg
T0J3Qo2wgjxfK-0Yj469zw,28.5888518792575,77.19521483583422,2022-04,"Madhu Limaye Marg, New Delhi, Delhi",245.6532592773438,"<bound method StreetViewPanorama.permalink of T0J3Qo2wgjxfK-0Yj469zw (28.58885, 77.19521) [2022-04]>",2.254839372793891,IN,launch,© 2025 Google,Madhu Limaye Marg
jocJjhCsMRGhp73CjGfiuw,28.58879061508811,77.19529818551766,2022-04,"Madhu Limaye Marg, New Delhi, Delhi",245.5783538818359,"<bound method StreetViewPanorama.permalink of jocJjhCsMRGhp73CjGfiuw (28.58879, 77.19530) [2022-04]>",2.2762911353744797,IN,launch,© 2025 Google,Madhu Limaye Marg
NHropKNvnrsZr4W6rI2dPg,28.58873331133299,77.19537627095737,2022-04,"Madhu Limaye Marg, New Delhi, Delhi",245.5937194824219,"<bound method StreetViewPanorama.permalink of NHropKNvnrsZr4W6rI2dPg (28.58873, 77.19538) [2022-04]>",2.275354767935206,IN,launch,© 2025 Google,Madhu Limaye Marg
CJEzV6ZkpWdmcwJOmHQyrA,28.58866923529292,77.195462252618,2022-04,"Madhu Limaye Marg, New Delhi, Delhi",245.5605316162109,"<bound method StreetViewPanorama.permalink of CJEzV6ZkpWdmcwJOmHQyrA (28.58867, 77.19546) [2022-04]>",2.2813647235671897,IN,launch,© 2025 Google,Madhu Limaye Marg
t_i1Mf1FmXL0tXTFbTKvRQ,28.58859890737298,77.1955551653832,2022-04,"Madhu Limaye Marg, New Delhi, Delhi",245.5317077636719,"<bound method StreetViewPanorama.permalink of t_i1Mf1FmXL0tXTFbTKvRQ (28.58860, 77.19556) [2022-04]>",2.286509418161005,IN,launch,© 2025 Google,Madhu Limaye Marg
PjjI-doiG93F6CTHZEqD4g,28.58853933157818,77.1956406204967,2022-04,"Madhu Limaye Marg, New Delhi, Delhi",245.1930694580078,"<bound method StreetViewPanorama.permalink of PjjI-doiG93F6CTHZEqD4g (28.58854, 77.19564) [2022-04]>",2.283500845077542,IN,launch,© 2025 Google,Madhu Limaye Marg
GPn1HYZL_6mGYVWVEzh4mw,28.58846982461028,77.1957256368678,2022-04,"Madhu Limaye Marg, New Delhi, Delhi",245.4438934326172,"<bound method StreetViewPanorama.permalink of GPn1HYZL_6mGYVWVEzh4mw (28.58847, 77.19573) [2022-04]>",2.291000839339423,IN,launch,© 2025 Google,Madhu Limaye Marg
nsRSjf0F7noPCQXfNFt54g,28.58840272322194,77.19581293431646,2022-04,"Madhu Limaye Marg, New Delhi, Delhi",245.3404083251953,"<bound method StreetViewPanorama.permalink of nsRSjf0F7noPCQXfNFt54g (28.58840, 77.19581) [2022-04]>",2.2927063277015103,IN,launch,© 2025 Google,Madhu Limaye Marg
HjhIaTCJXvqdJMZBGAhCqQ,28.58834561615961,77.19589400244236,2022-04,"Madhu Limaye Marg, New Delhi, Delhi",244.83740234375,"<bound method StreetViewPanorama.permalink of HjhIaTCJXvqdJMZBGAhCqQ (28.58835, 77.19589) [2022-04]>",2.2931825009044156,IN,launch,© 2025 Google,Madhu Limaye Marg
tjnwwwZCExg9QxmWe0cBlQ,28.58833571660062,77.19590672416703,2022-04,"Madhu Limaye Marg, New Delhi, Delhi",244.8177185058594,"<bound method StreetViewPanorama.permalink of tjnwwwZCExg9QxmWe0cBlQ (28.58834, 77.19591) [2022-04]>",2.29456148571686,IN,launch,© 2025 Google,Madhu Limaye Marg
7QYy9Gaom7qFvuMN25M6yA,28.58824173523039,77.19595997992378,2022-04,"Madhu Limaye Marg, New Delhi, Delhi",244.7082672119141,"<bound method StreetViewPanorama.permalink of 7QYy9Gaom7qFvuMN25M6yA (28.58824, 77.19596) [2022-04]>",1.2577891449234857,IN,launch,© 2025 Google,Madhu Limaye Marg
_AZjLMHZnv7dxq3_Y2bKTw,28.58821277022011,77.1960663158937,2022-04,"Madhu Limaye Marg, New Delhi, Delhi",244.4833679199219,"<bound method StreetViewPanorama.permalink of _AZjLMHZnv7dxq3_Y2bKTw (28.58821, 77.19607) [2022-04]>",2.2945753341545276,IN,launch,© 2025 Google,Madhu Limaye Marg
MsH905lHJhjYx0DlZIcxVQ,28.58816311281591,77.19614475177077,2022-04,"Madhu Limaye Marg, New Delhi, Delhi",244.3386993408203,"<bound method StreetViewPanorama.permalink of MsH905lHJhjYx0DlZIcxVQ (28.58816, 77.19614) [2022-04]>",2.321302286222345,IN,launch,© 2025 Google,Madhu Limaye Marg
zRp2uH50Ro_xyRoTVzVfoQ,28.58809489284239,77.19622125740847,2022-04,"Madhu Limaye Marg, New Delhi, Delhi",244.1720275878906,"<bound method StreetViewPanorama.permalink of zRp2uH50Ro_xyRoTVzVfoQ (28.58809, 77.19622) [2022-04]>",2.289171780302757,IN,launch,© 2025 Google,Madhu Limaye Marg
bUIt_0MASY2wC3DE8GGFnw,28.58803284999049,77.19630013186168,2022-04,"Madhu Limaye Marg, New Delhi, Delhi",244.6676177978516,"<bound method StreetViewPanorama.permalink of bUIt_0MASY2wC3DE8GGFnw (28.58803, 77.19630) [2022-04]>",2.2911425195094157,IN,launch,© 2025 Google,Madhu Limaye Marg
_-yc1nxxmfwgXat_cZl1Ew,28.5879732769195,77.1963847090813,2022-04,"Madhu Limaye Marg, New Delhi, Delhi",244.5286407470703,"<bound method StreetViewPanorama.permalink of _-yc1nxxmfwgXat_cZl1Ew (28.58797, 77.19638) [2022-04]>",2.237088605180186,IN,launch,© 2025 Google,Madhu Limaye Marg
8ysqDIPwdA5Ve0SEcD9QVg,28.58790948548943,77.19645902117365,2022-04,"Madhu Limaye Marg, New Delhi, Delhi",244.4135589599609,"<bound method StreetViewPanorama.permalink of 8ysqDIPwdA5Ve0SEcD9QVg (28.58791, 77.19646) [2022-04]>",2.2933388284604037,IN,launch,© 2025 Google,Madhu Limaye Marg
qwbl3FomV6ey8I3DYlgg6A,28.58784920010862,77.19653614075739,2022-04,"Madhu Limaye Marg, New Delhi, Delhi",244.2998657226562,"<bound method StreetViewPanorama.permalink of qwbl3FomV6ey8I3DYlgg6A (28.58785, 77.19654) [2022-04]>",2.465435227578523,IN,launch,© 2025 Google,Madhu Limaye Marg
FeYYQuwoXWmP9V_pimPjkA,28.58782269719505,77.19657386704289,2022-04,"Madhu Limaye Marg, New Delhi, Delhi",244.2497100830078,"<bound method StreetViewPanorama.permalink of FeYYQuwoXWmP9V_pimPjkA (28.58782, 77.19657) [2022-04]>",2.2899776528486147,IN,launch,© 2025 Google,Madhu Limaye Marg
Euzz8pf0jk9SuHyZn-vlhA,28.58777281224017,77.19663984414584,2022-04,"Madhu Limaye Marg, New Delhi, Delhi",244.1166534423828,"<bound method StreetViewPanorama.permalink of Euzz8pf0jk9SuHyZn-vlhA (28.58777, 77.19664) [2022-04]>",2.287723020669754,IN,launch,© 2025 Google,Madhu Limaye Marg
NF8EHtLtagOVcyJ51gX_xg,28.58770781275366,77.19672442112305,2022-04,"Madhu Limaye Marg, New Delhi, Delhi",243.9316101074219,"<bound method StreetViewPanorama.permalink of NF8EHtLtagOVcyJ51gX_xg (28.58771, 77.19672) [2022-04]>",2.283604175727836,IN,launch,© 2025 Google,Madhu Limaye Marg
_z0lfyBTp91TwQelWrXGsw,28.58765419496337,77.19680171600481,2022-04,"Madhu Limaye Marg, New Delhi, Delhi",243.4842987060547,"<bound method StreetViewPanorama.permalink of _z0lfyBTp91TwQelWrXGsw (28.58765, 77.19680) [2022-04]>",2.2725749603893832,IN,launch,© 2025 Google,Madhu Limaye Marg
B9R0-gOTn8JYHQYgioqJcg,28.58759234670408,77.19688813530783,2022-04,"Madhu Limaye Marg, New Delhi, Delhi",243.3792419433594,"<bound method StreetViewPanorama.permalink of B9R0-gOTn8JYHQYgioqJcg (28.58759, 77.19689) [2022-04]>",2.259325201334021,IN,launch,© 2025 Google,Madhu Limaye Marg
sD3jiPpZme_v49BuLhgDtw,28.58753278585253,77.19697376493069,2022-04,"Madhu Limaye Marg, New Delhi, Delhi",243.2400817871094,"<bound method StreetViewPanorama.permalink of sD3jiPpZme_v49BuLhgDtw (28.58753, 77.19697) [2022-04]>",2.2443755465548603,IN,launch,© 2025 Google,Madhu Limaye Marg
qF2XvCl8e7huVnA_n7lNiw,28.58745229533199,77.19703175790858,2022-04,"Madhu Limaye Marg, New Delhi, Delhi",243.044921875,"<bound method StreetViewPanorama.permalink of qF2XvCl8e7huVnA_n7lNiw (28.58745, 77.19703) [2022-04]>",5.253471941171576,IN,launch,© 2025 Google,Madhu Limaye Marg
tZbQdo2rdKCk6Dxp_VhtHA,28.58740212357354,77.19711765063303,2022-04,"Madhu Limaye Marg, New Delhi, Delhi",242.9285278320312,"<bound method StreetViewPanorama.permalink of tZbQdo2rdKCk6Dxp_VhtHA (28.58740, 77.19712) [2022-04]>",5.43286087430266,IN,launch,© 2025 Google,Madhu Limaye Marg
2nsZBFoaDvrtjuriF2J0mw,28.58736570093952,77.19720547346672,2022-04,"Madhu Limaye Marg, New Delhi, Delhi",242.825927734375,"<bound method StreetViewPanorama.permalink of 2nsZBFoaDvrtjuriF2J0mw (28.58737, 77.19721) [2022-04]>",2.2717427225487334,IN,launch,© 2025 Google,Madhu Limaye Marg
xX2Z39qw4_YDjuVex276AQ,28.58732956001723,77.19719450658296,2022-04,"New Delhi, Delhi",242.7619476318359,"<bound method StreetViewPanorama.permalink of xX2Z39qw4_YDjuVex276AQ (28.58733, 77.19719) [2022-04]>",5.915057614962369,IN,launch,© 2025 Google,Madhu Limaye Marg
iKXbQfURIWguuP_ayY4CkQ,28.58731357627479,77.19726908137255,2022-04,"10 Madhu Limaye Marg, New Delhi, Delhi",243.1387176513672,"<bound method StreetViewPanorama.permalink of iKXbQfURIWguuP_ayY4CkQ (28.58731, 77.19727) [2022-04]>",2.2580535419135073,IN,launch,© 2025 Google,Madhu Limaye Marg
fnfQ_S8B7c9G-X_v0-G-aw,28.5872567466363,77.19735032397227,2022-04,"10 Madhu Limaye Marg, New Delhi, Delhi",243.0135650634766,"<bound method StreetViewPanorama.permalink of fnfQ_S8B7c9G-X_v0-G-aw (28.58726, 77.19735) [2022-04]>",2.252973828450291,IN,launch,© 2025 Google,Madhu Limaye Marg
q07lAK2T61c1reFsRqPjCg,28.58719452331396,77.19743832210331,2022-04,"10 Madhu Limaye Marg, New Delhi, Delhi",242.8660278320312,"<bound method StreetViewPanorama.permalink of q07lAK2T61c1reFsRqPjCg (28.58719, 77.19744) [2022-04]>",2.2619833024180287,IN,launch,© 2025 Google,Madhu Limaye Marg
xd8tEMFLgQPBBsOv_I-kXg,28.58713341531717,77.19752333718478,2022-04,"10 Madhu Limaye Marg, New Delhi, Delhi",242.6361999511719,"<bound method StreetViewPanorama.permalink of xd8tEMFLgQPBBsOv_I-kXg (28.58713, 77.19752) [2022-04]>",2.2735065341386926,IN,launch,© 2025 Google,Madhu Limaye Marg
zYkqFHjY6tg1Cdjds8Ry6g,28.58702972650592,77.19756018580797,2022-04,"Madhu Limaye Marg, New Delhi, Delhi",242.5416107177734,"<bound method StreetViewPanorama.permalink of zYkqFHjY6tg1Cdjds8Ry6g (28.58703, 77.19756) [2022-04]>",1.133215790193394,IN,launch,© 2025 Google,Madhu Limaye Marg
BFNuvFCwcEmMmXYDzXg11w,28.5870329696235,77.19757948746314,2022-04,"Madhu Limaye Marg, New Delhi, Delhi",242.5413665771484,"<bound method StreetViewPanorama.permalink of BFNuvFCwcEmMmXYDzXg11w (28.58703, 77.19758) [2022-04]>",1.4107467368677509,IN,launch,© 2025 Google,Madhu Limaye Marg
5d5qq9wTFwwYl-DesdYGig,28.58699631250347,77.19767494287531,2022-04,"Madhu Limaye Marg, New Delhi, Delhi",242.4894256591797,"<bound method StreetViewPanorama.permalink of 5d5qq9wTFwwYl-DesdYGig (28.58700, 77.19767) [2022-04]>",2.2184826965404563,IN,launch,© 2025 Google,Madhu Limaye Marg
PRsbp39uH37AAxxeYru51w,28.58695380757983,77.19776873125224,2022-04,"Madhu Limaye Marg, New Delhi, Delhi",242.3787994384766,"<bound method StreetViewPanorama.permalink of PRsbp39uH37AAxxeYru51w (28.58695, 77.19777) [2022-04]>",2.272122223004069,IN,launch,© 2025 Google,Madhu Limaye Marg
D2TVDXviVZ_74W_KipXP3Q,28.58687266885627,77.19783277752873,2022-04,"Madhu Limaye Marg, New Delhi, Delhi",242.1685943603516,"<bound method StreetViewPanorama.permalink of D2TVDXviVZ_74W_KipXP3Q (28.58687, 77.19783) [2022-04]>",2.380140303133792,IN,launch,© 2025 Google,Madhu Limaye Marg
u6JrJ7vMGW7MXo2VM4scig,28.58683290485779,77.19786269502411,2022-04,"New Delhi, Delhi",242.0632629394531,"<bound method StreetViewPanorama.permalink of u6JrJ7vMGW7MXo2VM4scig (28.58683, 77.19786) [2022-04]>",2.7583387390131437,IN,launch,© 2025 Google,Madhu Limaye Marg
X7vLIzxMKjypmFe_TnCJJg,28.58678439868521,77.1980008769062,2022-04,"Madhu Limaye Marg, New Delhi, Delhi",241.9739227294922,"<bound method StreetViewPanorama.permalink of X7vLIzxMKjypmFe_TnCJJg (28.58678, 77.19800) [2022-04]>",2.2724892066022835,IN,launch,© 2025 Google,Madhu Limaye Marg
kbN0X8iVzuXgHLyHuFx8xQ,28.58672827488413,77.19807852189304,2022-04,"Madhu Limaye Marg, New Delhi, Delhi",241.8906707763672,"<bound method StreetViewPanorama.permalink of kbN0X8iVzuXgHLyHuFx8xQ (28.58673, 77.19808) [2022-04]>",2.268401254329011,IN,launch,© 2025 Google,Madhu Limaye Marg
nbSQK7jFsRTteb-rayFn9g,28.58667480276023,77.19815002542347,2022-04,"Madhu Limaye Marg, New Delhi, Delhi",241.3989410400391,"<bound method StreetViewPanorama.permalink of nbSQK7jFsRTteb-rayFn9g (28.58667, 77.19815) [2022-04]>",2.27743709359154,IN,launch,© 2025 Google,Madhu Limaye Marg
NyZPFQiMvIi6rz6_7UuZpw,28.58661474140418,77.19822951273306,2022-04,"Madhu Limaye Marg, New Delhi, Delhi",241.2400512695312,"<bound method StreetViewPanorama.permalink of NyZPFQiMvIi6rz6_7UuZpw (28.58661, 77.19823) [2022-04]>",2.2930354944122433,IN,launch,© 2025 Google,Madhu Limaye Marg
H3EJap4K5yYQgCso3Ys7fw,28.58655625813302,77.19830628022758,2022-04,"Madhu Limaye Marg, New Delhi, Delhi",241.1348724365234,"<bound method StreetViewPanorama.permalink of H3EJap4K5yYQgCso3Ys7fw (28.58656, 77.19831) [2022-04]>",2.2987383875705394,IN,launch,© 2025 Google,Madhu Limaye Marg
eZ7LBW-2hsak4eR6NMezdA,28.5864988948651,77.19838102978586,2022-04,"Madhu Limaye Marg, New Delhi, Delhi",241.0142669677734,"<bound method StreetViewPanorama.permalink of eZ7LBW-2hsak4eR6NMezdA (28.58650, 77.19838) [2022-04]>",2.298086445735688,IN,launch,© 2025 Google,Madhu Limaye Marg
PzcETRrEecTD-gFj0ZvJAA,28.5864337644507,77.19846700926642,2022-04,"Madhu Limaye Marg, New Delhi, Delhi",240.8682861328125,"<bound method StreetViewPanorama.permalink of PzcETRrEecTD-gFj0ZvJAA (28.58643, 77.19847) [2022-04]>",2.292104719611261,IN,launch,© 2025 Google,Madhu Limaye Marg
iP5ujapcRBcRGf7G0nOoUg,28.58636117010307,77.19849955862492,2022-04,"New Delhi, Delhi",240.8285675048828,"<bound method StreetViewPanorama.permalink of iP5ujapcRBcRGf7G0nOoUg (28.58636, 77.19850) [2022-04]>",3.0158650848432615,IN,launch,© 2025 Google,Madhu Limaye Marg
daAW41LVK0sbnYmRhAAgxQ,28.58636352607042,77.1985114027289,2022-04,"Madhu Limaye Marg, New Delhi, Delhi",240.8239135742188,"<bound method StreetViewPanorama.permalink of daAW41LVK0sbnYmRhAAgxQ (28.58636, 77.19851) [2022-04]>",2.4738928945683973,IN,launch,© 2025 Google,Madhu Limaye Marg
G3PHEJ7SwOMxUOGdQ5LU9g,28.58632733422426,77.19860624325209,2022-04,"Madhu Limaye Marg, New Delhi, Delhi",240.6900939941406,"<bound method StreetViewPanorama.permalink of G3PHEJ7SwOMxUOGdQ5LU9g (28.58633, 77.19861) [2022-04]>",2.3013940918095654,IN,launch,© 2025 Google,Madhu Limaye Marg
K0fJ-8-2iwasWJdL7PGUug,28.5862641074916,77.19869108202766,2022-04,"Madhu Limaye Marg, New Delhi, Delhi",240.5539093017578,"<bound method StreetViewPanorama.permalink of K0fJ-8-2iwasWJdL7PGUug (28.58626, 77.19869) [2022-04]>",2.299427879976761,IN,launch,© 2025 Google,Madhu Limaye Marg
ORmtnxDuMq7ufkpwKKtMgQ,28.58620495700821,77.19876820015874,2022-04,"Madhu Limaye Marg, New Delhi, Delhi",240.3389434814453,"<bound method StreetViewPanorama.permalink of ORmtnxDuMq7ufkpwKKtMgQ (28.58620, 77.19877) [2022-04]>",2.2985873863367323,IN,launch,© 2025 Google,Madhu Limaye Marg
mKL2aESB7G-cgrQB-2tlRg,28.5861328841907,77.19885663590598,2022-04,"Madhu Limaye Marg, New Delhi, Delhi",240.1466827392578,"<bound method StreetViewPanorama.permalink of mKL2aESB7G-cgrQB-2tlRg (28.58613, 77.19886) [2022-04]>",2.340594491474987,IN,launch,© 2025 Google,Madhu Limaye Marg
2eN2jNK26E87Kc2EU6H5GQ,28.5860609857815,77.1989349822023,2022-04,"Madhu Limaye Marg, New Delhi, Delhi",240.0118560791016,"<bound method StreetViewPanorama.permalink of 2eN2jNK26E87Kc2EU6H5GQ (28.58606, 77.19893) [2022-04]>",2.449846414137745,IN,launch,© 2025 Google,Madhu Limaye Marg
HvMw4ZD08_BbXn278bcl_A,28.58600295619416,77.19898534138446,2022-04,"Madhu Limaye Marg, New Delhi, Delhi",239.7888488769531,"<bound method StreetViewPanorama.permalink of HvMw4ZD08_BbXn278bcl_A (28.58600, 77.19899) [2022-04]>",2.5300696146025277,IN,launch,© 2025 Google,Madhu Limaye Marg
qbSCdovsd5zAdpWk0z5HYQ,28.58592864623074,77.19902192635179,2022-04,"Madhu Limaye Marg, New Delhi, Delhi",239.8140106201172,"<bound method StreetViewPanorama.permalink of qbSCdovsd5zAdpWk0z5HYQ (28.58593, 77.19902) [2022-04]>",5.6794243175054655,IN,launch,© 2025 Google,Madhu Limaye Marg
VXIKPN-DZkQ2yvXDONow0Q,28.58585551637666,77.19908737568964,2022-04,"Madhu Limaye Marg, New Delhi, Delhi",239.7575073242188,"<bound method StreetViewPanorama.permalink of VXIKPN-DZkQ2yvXDONow0Q (28.58586, 77.19909) [2022-04]>",2.6724379454204197,IN,launch,© 2025 Google,Madhu Limaye Marg
2l-1RA8to06Dst0rf15FPA,28.5857720203794,77.19913133025146,2022-04,"Madhu Limaye Marg, New Delhi, Delhi",239.7307891845703,"<bound method StreetViewPanorama.permalink of 2l-1RA8to06Dst0rf15FPA (28.58577, 77.19913) [2022-04]>",2.760947305300877,IN,launch,© 2025 Google,Madhu Limaye Marg
Gd91KLw3l8H2cA-HlrtUWQ,28.58567643388892,77.19915589566814,2022-04,"Madhu Limaye Marg, New Delhi, Delhi",239.7038879394531,"<bound method StreetViewPanorama.permalink of Gd91KLw3l8H2cA-HlrtUWQ (28.58568, 77.19916) [2022-04]>",5.975601386552013,IN,launch,© 2025 Google,Madhu Limaye Marg
6jJ3lSnBk_polg3RscE15A,28.58558117272415,77.19919028724293,2022-04,"Madhu Limaye Marg, New Delhi, Delhi",239.6886901855469,"<bound method StreetViewPanorama.permalink of 6jJ3lSnBk_polg3RscE15A (28.58558, 77.19919) [2022-04]>",6.005213074712604,IN,launch,© 2025 Google,Madhu Limaye Marg
b59bVuJAJYmgfnioHh615A,28.58549183498919,77.1992188883919,2022-04,"Madhu Limaye Marg, New Delhi, Delhi",239.6695861816406,"<bound method StreetViewPanorama.permalink of b59bVuJAJYmgfnioHh615A (28.58549, 77.19922) [2022-04]>",6.026126878752996,IN,launch,© 2025 Google,Madhu Limaye Marg
nZ9E-znOaubizvQA59sSHg,28.58540417968649,77.19924494526087,2022-04,"Madhu Limaye Marg, New Delhi, Delhi",239.6485595703125,"<bound method StreetViewPanorama.permalink of nZ9E-znOaubizvQA59sSHg (28.58540, 77.19924) [2022-04]>",6.045881675086987,IN,launch,© 2025 Google,Madhu Limaye Marg
ZyMQoKUqyb0In-SHX27xVA,28.5853172688571,77.19927696800445,2022-04,"Madhu Limaye Marg, New Delhi, Delhi",239.6248931884766,"<bound method StreetViewPanorama.permalink of ZyMQoKUqyb0In-SHX27xVA (28.58532, 77.19928) [2022-04]>",2.896760265095539,IN,launch,© 2025 Google,Madhu Limaye Marg
2iS3IckAUHnBwEC08E-sxQ,28.58522900080161,77.19930302486067,2022-04,"Madhu Limaye Marg, New Delhi, Delhi",239.6123046875,"<bound method StreetViewPanorama.permalink of 2iS3IckAUHnBwEC08E-sxQ (28.58523, 77.19930) [2022-04]>",2.8985405882842565,IN,launch,© 2025 Google,Madhu Limaye Marg
aGhcvR1N9XzEn4wwi8JVrg,28.58510932649092,77.19932004516095,2022-04,"Madhu Limaye Marg, New Delhi, Delhi",239.5330200195312,"<bound method StreetViewPanorama.permalink of aGhcvR1N9XzEn4wwi8JVrg (28.58511, 77.19932) [2022-04]>",6.065123546595026,IN,launch,© 2025 Google,Madhu Limaye Marg
ILoIzjcOULoadFBz11NZ8g,28.58501568414671,77.19936864951015,2022-04,"Madhu Limaye Marg, New Delhi, Delhi",239.481201171875,"<bound method StreetViewPanorama.permalink of ILoIzjcOULoadFBz11NZ8g (28.58502, 77.19937) [2022-04]>",2.8803027285071763,IN,launch,© 2025 Google,Madhu Limaye Marg
dHxvrrZex4e0ajC2xddXAw,28.58492973403397,77.19939698741572,2022-04,"Madhu Limaye Marg, New Delhi, Delhi",239.4276428222656,"<bound method StreetViewPanorama.permalink of dHxvrrZex4e0ajC2xddXAw (28.58493, 77.19940) [2022-04]>",2.865866797502292,IN,launch,© 2025 Google,Madhu Limaye Marg
fOzoc-BsQrucXtuErOOS2w,28.58482690595533,77.19940804182907,2022-04,"Madhu Limaye Marg, New Delhi, Delhi",239.3888702392578,"<bound method StreetViewPanorama.permalink of fOzoc-BsQrucXtuErOOS2w (28.58483, 77.19941) [2022-04]>",6.00797903382076,IN,launch,© 2025 Google,Madhu Limaye Marg
aFqf8qqbXjzpaZVwWGLSfQ,28.58474133090639,77.19943664292548,2022-04,"Madhu Limaye Marg, New Delhi, Delhi",239.3742980957031,"<bound method StreetViewPanorama.permalink of aFqf8qqbXjzpaZVwWGLSfQ (28.58474, 77.19944) [2022-04]>",6.00850527445216,IN,launch,© 2025 Google,Madhu Limaye Marg
t7YMcdFFB7LpYGwNtCWGAA,28.58464902237247,77.19946805148352,2022-04,"Madhu Limaye Marg, New Delhi, Delhi",239.361328125,"<bound method StreetViewPanorama.permalink of t7YMcdFFB7LpYGwNtCWGAA (28.58465, 77.19947) [2022-04]>",6.005452759210712,IN,launch,© 2025 Google,Madhu Limaye Marg
